selection_index,subject_id,canonical_finger_position,plain_self_pair_id,plain_self_raw_score,plain_self_decision,plain_self_status,plain_self_error_code,roll_self_pair_id,roll_self_raw_score,roll_self_decision,roll_self_status,roll_self_error_code
1,00001000,1,sd300c_plain_self_00001000_01,3000.0,accepted,ok,,sd300c_roll_self_00001000_01,3000.0,accepted,ok,
2,00001000,2,sd300c_plain_self_00001000_02,3001.0,accepted,ok,,sd300c_roll_self_00001000_02,3001.0,accepted,ok,
3,00001000,3,sd300c_plain_self_00001000_03,3001.0,accepted,ok,,sd300c_roll_self_00001000_03,3000.0,accepted,ok,
4,00001000,4,sd300c_plain_self_00001000_04,3000.0,accepted,ok,,sd300c_roll_self_00001000_04,3000.0,accepted,ok,
5,00001000,5,sd300c_plain_self_00001000_05,3000.0,accepted,ok,,sd300c_roll_self_00001000_05,3001.0,accepted,ok,
6,00001000,6,sd300c_plain_self_00001000_06,3000.0,accepted,ok,,sd300c_roll_self_00001000_06,3000.0,accepted,ok,
7,00001000,7,sd300c_plain_self_00001000_07,3000.0,accepted,ok,,sd300c_roll_self_00001000_07,3000.0,accepted,ok,
8,00001000,8,sd300c_plain_self_00001000_08,3000.0,accepted,ok,,sd300c_roll_self_00001000_08,3000.0,accepted,ok,
9,00001000,9,sd300c_plain_self_00001000_09,3000.0,accepted,ok,,sd300c_roll_self_00001000_09,3000.0,accepted,ok,
10,00001000,10,sd300c_plain_self_00001000_10,3000.0,accepted,ok,,sd300c_roll_self_00001000_10,3000.0,accepted,ok,
11,00001001,2,sd300c_plain_self_00001001_02,3001.0,accepted,ok,,sd300c_roll_self_00001001_02,3001.0,accepted,ok,
12,00001001,3,sd300c_plain_self_00001001_03,3001.0,accepted,ok,,sd300c_roll_self_00001001_03,3001.0,accepted,ok,
13,00001001,4,sd300c_plain_self_00001001_04,3000.0,accepted,ok,,sd300c_roll_self_00001001_04,3000.0,accepted,ok,
14,00001001,5,sd300c_plain_self_00001001_05,3000.0,accepted,ok,,sd300c_roll_self_00001001_05,3000.0,accepted,ok,
15,00001001,7,sd300c_plain_self_00001001_07,3000.0,accepted,ok,,sd300c_roll_self_00001001_07,3000.0,accepted,ok,
16,00001001,8,sd300c_plain_self_00001001_08,3001.0,accepted,ok,,sd300c_roll_self_00001001_08,3000.0,accepted,ok,
17,00001001,9,sd300c_plain_self_00001001_09,3000.0,accepted,ok,,sd300c_roll_self_00001001_09,3001.0,accepted,ok,
18,00001001,10,sd300c_plain_self_00001001_10,3000.0,accepted,ok,,sd300c_roll_self_00001001_10,3000.0,accepted,ok,
19,00001002,1,sd300c_plain_self_00001002_01,3000.0,accepted,ok,,sd300c_roll_self_00001002_01,3000.0,accepted,ok,
20,00001002,2,sd300c_plain_self_00001002_02,3000.0,accepted,ok,,sd300c_roll_self_00001002_02,3001.0,accepted,ok,
21,00001002,3,sd300c_plain_self_00001002_03,3001.0,accepted,ok,,sd300c_roll_self_00001002_03,3000.0,accepted,ok,
22,00001002,4,sd300c_plain_self_00001002_04,1989.0,accepted,ok,,sd300c_roll_self_00001002_04,3000.0,accepted,ok,
23,00001002,5,sd300c_plain_self_00001002_05,1882.0,accepted,ok,,sd300c_roll_self_00001002_05,3001.0,accepted,ok,
24,00001002,6,sd300c_plain_self_00001002_06,3000.0,accepted,ok,,sd300c_roll_self_00001002_06,3000.0,accepted,ok,
25,00001002,7,sd300c_plain_self_00001002_07,3001.0,accepted,ok,,sd300c_roll_self_00001002_07,3000.0,accepted,ok,
26,00001002,8,sd300c_plain_self_00001002_08,3000.0,accepted,ok,,sd300c_roll_self_00001002_08,3000.0,accepted,ok,
27,00001002,9,sd300c_plain_self_00001002_09,3000.0,accepted,ok,,sd300c_roll_self_00001002_09,2052.0,accepted,ok,
28,00001002,10,sd300c_plain_self_00001002_10,3000.0,accepted,ok,,sd300c_roll_self_00001002_10,1811.0,accepted,ok,
29,00001003,1,sd300c_plain_self_00001003_01,3000.0,accepted,ok,,sd300c_roll_self_00001003_01,3000.0,accepted,ok,
30,00001003,2,sd300c_plain_self_00001003_02,3000.0,accepted,ok,,sd300c_roll_self_00001003_02,3000.0,accepted,ok,
31,00001003,3,sd300c_plain_self_00001003_03,3001.0,accepted,ok,,sd300c_roll_self_00001003_03,3000.0,accepted,ok,
32,00001003,4,sd300c_plain_self_00001003_04,3001.0,accepted,ok,,sd300c_roll_self_00001003_04,3001.0,accepted,ok,
33,00001003,5,sd300c_plain_self_00001003_05,3000.0,accepted,ok,,sd300c_roll_self_00001003_05,3000.0,accepted,ok,
34,00001003,6,sd300c_plain_self_00001003_06,3000.0,accepted,ok,,sd300c_roll_self_00001003_06,3000.0,accepted,ok,
35,00001003,7,sd300c_plain_self_00001003_07,3000.0,accepted,ok,,sd300c_roll_self_00001003_07,3000.0,accepted,ok,
36,00001003,8,sd300c_plain_self_00001003_08,3000.0,accepted,ok,,sd300c_roll_self_00001003_08,3000.0,accepted,ok,
37,00001003,9,sd300c_plain_self_00001003_09,3000.0,accepted,ok,,sd300c_roll_self_00001003_09,3000.0,accepted,ok,
38,00001003,10,sd300c_plain_self_00001003_10,3000.0,accepted,ok,,sd300c_roll_self_00001003_10,3001.0,accepted,ok,
39,00001004,1,sd300c_plain_self_00001004_01,3000.0,accepted,ok,,sd300c_roll_self_00001004_01,3000.0,accepted,ok,
40,00001004,2,sd300c_plain_self_00001004_02,3000.0,accepted,ok,,sd300c_roll_self_00001004_02,3000.0,accepted,ok,
41,00001004,3,sd300c_plain_self_00001004_03,3000.0,accepted,ok,,sd300c_roll_self_00001004_03,3000.0,accepted,ok,
42,00001004,4,sd300c_plain_self_00001004_04,3000.0,accepted,ok,,sd300c_roll_self_00001004_04,3001.0,accepted,ok,
43,00001004,5,sd300c_plain_self_00001004_05,2377.0,accepted,ok,,sd300c_roll_self_00001004_05,3000.0,accepted,ok,
44,00001004,6,sd300c_plain_self_00001004_06,3000.0,accepted,ok,,sd300c_roll_self_00001004_06,3000.0,accepted,ok,
45,00001004,7,sd300c_plain_self_00001004_07,2269.0,accepted,ok,,sd300c_roll_self_00001004_07,3000.0,accepted,ok,
46,00001004,8,sd300c_plain_self_00001004_08,3000.0,accepted,ok,,sd300c_roll_self_00001004_08,3000.0,accepted,ok,
47,00001004,9,sd300c_plain_self_00001004_09,3001.0,accepted,ok,,sd300c_roll_self_00001004_09,3000.0,accepted,ok,
48,00001004,10,sd300c_plain_self_00001004_10,1698.0,accepted,ok,,sd300c_roll_self_00001004_10,3000.0,accepted,ok,
49,00001005,1,sd300c_plain_self_00001005_01,2623.0,accepted,ok,,sd300c_roll_self_00001005_01,1765.0,accepted,ok,
50,00001005,4,sd300c_plain_self_00001005_04,3001.0,accepted,ok,,sd300c_roll_self_00001005_04,3000.0,accepted,ok,
51,00001005,5,sd300c_plain_self_00001005_05,3000.0,accepted,ok,,sd300c_roll_self_00001005_05,3000.0,accepted,ok,
52,00001005,6,sd300c_plain_self_00001005_06,3000.0,accepted,ok,,sd300c_roll_self_00001005_06,3001.0,accepted,ok,
53,00001005,7,sd300c_plain_self_00001005_07,3000.0,accepted,ok,,sd300c_roll_self_00001005_07,3001.0,accepted,ok,
54,00001005,8,sd300c_plain_self_00001005_08,3000.0,accepted,ok,,sd300c_roll_self_00001005_08,3000.0,accepted,ok,
55,00001005,9,sd300c_plain_self_00001005_09,3000.0,accepted,ok,,sd300c_roll_self_00001005_09,3001.0,accepted,ok,
56,00001005,10,sd300c_plain_self_00001005_10,3001.0,accepted,ok,,sd300c_roll_self_00001005_10,3001.0,accepted,ok,
57,00001006,1,sd300c_plain_self_00001006_01,3000.0,accepted,ok,,sd300c_roll_self_00001006_01,3000.0,accepted,ok,
58,00001006,2,sd300c_plain_self_00001006_02,3000.0,accepted,ok,,sd300c_roll_self_00001006_02,3000.0,accepted,ok,
59,00001006,3,sd300c_plain_self_00001006_03,3000.0,accepted,ok,,sd300c_roll_self_00001006_03,3000.0,accepted,ok,
60,00001006,4,sd300c_plain_self_00001006_04,3000.0,accepted,ok,,sd300c_roll_self_00001006_04,3000.0,accepted,ok,
61,00001006,5,sd300c_plain_self_00001006_05,3000.0,accepted,ok,,sd300c_roll_self_00001006_05,3000.0,accepted,ok,
62,00001006,6,sd300c_plain_self_00001006_06,3000.0,accepted,ok,,sd300c_roll_self_00001006_06,3001.0,accepted,ok,
63,00001006,7,sd300c_plain_self_00001006_07,3001.0,accepted,ok,,sd300c_roll_self_00001006_07,3001.0,accepted,ok,
64,00001006,8,sd300c_plain_self_00001006_08,3000.0,accepted,ok,,sd300c_roll_self_00001006_08,3000.0,accepted,ok,
65,00001006,9,sd300c_plain_self_00001006_09,3000.0,accepted,ok,,sd300c_roll_self_00001006_09,3000.0,accepted,ok,
66,00001006,10,sd300c_plain_self_00001006_10,2633.0,accepted,ok,,sd300c_roll_self_00001006_10,3000.0,accepted,ok,
67,00001007,1,sd300c_plain_self_00001007_01,3000.0,accepted,ok,,sd300c_roll_self_00001007_01,3000.0,accepted,ok,
68,00001007,2,sd300c_plain_self_00001007_02,3001.0,accepted,ok,,sd300c_roll_self_00001007_02,3000.0,accepted,ok,
69,00001007,3,sd300c_plain_self_00001007_03,3000.0,accepted,ok,,sd300c_roll_self_00001007_03,3001.0,accepted,ok,
70,00001007,4,sd300c_plain_self_00001007_04,1843.0,accepted,ok,,sd300c_roll_self_00001007_04,3000.0,accepted,ok,
71,00001007,5,sd300c_plain_self_00001007_05,2679.0,accepted,ok,,sd300c_roll_self_00001007_05,3000.0,accepted,ok,
72,00001007,6,sd300c_plain_self_00001007_06,3001.0,accepted,ok,,sd300c_roll_self_00001007_06,3000.0,accepted,ok,
73,00001007,7,sd300c_plain_self_00001007_07,3000.0,accepted,ok,,sd300c_roll_self_00001007_07,3000.0,accepted,ok,
74,00001007,8,sd300c_plain_self_00001007_08,2527.0,accepted,ok,,sd300c_roll_self_00001007_08,3001.0,accepted,ok,
75,00001007,9,sd300c_plain_self_00001007_09,2153.0,accepted,ok,,sd300c_roll_self_00001007_09,3000.0,accepted,ok,
76,00001007,10,sd300c_plain_self_00001007_10,1900.0,accepted,ok,,sd300c_roll_self_00001007_10,3000.0,accepted,ok,
77,00001008,1,sd300c_plain_self_00001008_01,3000.0,accepted,ok,,sd300c_roll_self_00001008_01,3000.0,accepted,ok,
78,00001008,2,sd300c_plain_self_00001008_02,3000.0,accepted,ok,,sd300c_roll_self_00001008_02,3000.0,accepted,ok,
79,00001008,3,sd300c_plain_self_00001008_03,3000.0,accepted,ok,,sd300c_roll_self_00001008_03,3000.0,accepted,ok,
80,00001008,4,sd300c_plain_self_00001008_04,3000.0,accepted,ok,,sd300c_roll_self_00001008_04,3001.0,accepted,ok,
81,00001008,5,sd300c_plain_self_00001008_05,3000.0,accepted,ok,,sd300c_roll_self_00001008_05,3000.0,accepted,ok,
82,00001008,6,sd300c_plain_self_00001008_06,3001.0,accepted,ok,,sd300c_roll_self_00001008_06,3000.0,accepted,ok,
83,00001008,7,sd300c_plain_self_00001008_07,3000.0,accepted,ok,,sd300c_roll_self_00001008_07,3001.0,accepted,ok,
84,00001008,8,sd300c_plain_self_00001008_08,3000.0,accepted,ok,,sd300c_roll_self_00001008_08,3000.0,accepted,ok,
85,00001008,9,sd300c_plain_self_00001008_09,3000.0,accepted,ok,,sd300c_roll_self_00001008_09,3000.0,accepted,ok,
86,00001008,10,sd300c_plain_self_00001008_10,3000.0,accepted,ok,,sd300c_roll_self_00001008_10,3000.0,accepted,ok,
87,00001009,1,sd300c_plain_self_00001009_01,3000.0,accepted,ok,,sd300c_roll_self_00001009_01,3000.0,accepted,ok,
88,00001009,2,sd300c_plain_self_00001009_02,3000.0,accepted,ok,,sd300c_roll_self_00001009_02,3000.0,accepted,ok,
89,00001009,3,sd300c_plain_self_00001009_03,3000.0,accepted,ok,,sd300c_roll_self_00001009_03,3000.0,accepted,ok,
90,00001009,4,sd300c_plain_self_00001009_04,3002.0,accepted,ok,,sd300c_roll_self_00001009_04,3000.0,accepted,ok,
91,00001009,5,sd300c_plain_self_00001009_05,2642.0,accepted,ok,,sd300c_roll_self_00001009_05,3000.0,accepted,ok,
92,00001009,6,sd300c_plain_self_00001009_06,3000.0,accepted,ok,,sd300c_roll_self_00001009_06,3000.0,accepted,ok,
93,00001009,7,sd300c_plain_self_00001009_07,3000.0,accepted,ok,,sd300c_roll_self_00001009_07,3000.0,accepted,ok,
94,00001009,8,sd300c_plain_self_00001009_08,3000.0,accepted,ok,,sd300c_roll_self_00001009_08,3001.0,accepted,ok,
95,00001009,9,sd300c_plain_self_00001009_09,3000.0,accepted,ok,,sd300c_roll_self_00001009_09,3000.0,accepted,ok,
96,00001009,10,sd300c_plain_self_00001009_10,3001.0,accepted,ok,,sd300c_roll_self_00001009_10,3000.0,accepted,ok,
97,00001010,1,sd300c_plain_self_00001010_01,3000.0,accepted,ok,,sd300c_roll_self_00001010_01,3001.0,accepted,ok,
98,00001010,2,sd300c_plain_self_00001010_02,3000.0,accepted,ok,,sd300c_roll_self_00001010_02,3000.0,accepted,ok,
99,00001010,3,sd300c_plain_self_00001010_03,3000.0,accepted,ok,,sd300c_roll_self_00001010_03,3001.0,accepted,ok,
100,00001010,4,sd300c_plain_self_00001010_04,3000.0,accepted,ok,,sd300c_roll_self_00001010_04,3000.0,accepted,ok,
101,00001010,5,sd300c_plain_self_00001010_05,3000.0,accepted,ok,,sd300c_roll_self_00001010_05,3000.0,accepted,ok,
102,00001010,6,sd300c_plain_self_00001010_06,3001.0,accepted,ok,,sd300c_roll_self_00001010_06,3001.0,accepted,ok,
103,00001010,7,sd300c_plain_self_00001010_07,3000.0,accepted,ok,,sd300c_roll_self_00001010_07,3000.0,accepted,ok,
104,00001010,8,sd300c_plain_self_00001010_08,3000.0,accepted,ok,,sd300c_roll_self_00001010_08,3000.0,accepted,ok,
105,00001010,9,sd300c_plain_self_00001010_09,3000.0,accepted,ok,,sd300c_roll_self_00001010_09,3000.0,accepted,ok,
106,00001010,10,sd300c_plain_self_00001010_10,1079.0,accepted,ok,,sd300c_roll_self_00001010_10,3001.0,accepted,ok,
107,00001011,1,sd300c_plain_self_00001011_01,3000.0,accepted,ok,,sd300c_roll_self_00001011_01,3001.0,accepted,ok,
108,00001011,2,sd300c_plain_self_00001011_02,3000.0,accepted,ok,,sd300c_roll_self_00001011_02,3000.0,accepted,ok,
109,00001011,3,sd300c_plain_self_00001011_03,3000.0,accepted,ok,,sd300c_roll_self_00001011_03,3001.0,accepted,ok,
110,00001011,4,sd300c_plain_self_00001011_04,3000.0,accepted,ok,,sd300c_roll_self_00001011_04,3001.0,accepted,ok,
111,00001011,5,sd300c_plain_self_00001011_05,3001.0,accepted,ok,,sd300c_roll_self_00001011_05,3000.0,accepted,ok,
112,00001011,6,sd300c_plain_self_00001011_06,3000.0,accepted,ok,,sd300c_roll_self_00001011_06,3000.0,accepted,ok,
113,00001011,7,sd300c_plain_self_00001011_07,3000.0,accepted,ok,,sd300c_roll_self_00001011_07,3000.0,accepted,ok,
114,00001011,8,sd300c_plain_self_00001011_08,3000.0,accepted,ok,,sd300c_roll_self_00001011_08,3000.0,accepted,ok,
115,00001011,9,sd300c_plain_self_00001011_09,3001.0,accepted,ok,,sd300c_roll_self_00001011_09,3000.0,accepted,ok,
116,00001011,10,sd300c_plain_self_00001011_10,3000.0,accepted,ok,,sd300c_roll_self_00001011_10,3000.0,accepted,ok,
117,00001012,1,sd300c_plain_self_00001012_01,3000.0,accepted,ok,,sd300c_roll_self_00001012_01,3000.0,accepted,ok,
118,00001012,2,sd300c_plain_self_00001012_02,3000.0,accepted,ok,,sd300c_roll_self_00001012_02,3001.0,accepted,ok,
119,00001012,3,sd300c_plain_self_00001012_03,3001.0,accepted,ok,,sd300c_roll_self_00001012_03,3000.0,accepted,ok,
120,00001012,4,sd300c_plain_self_00001012_04,3000.0,accepted,ok,,sd300c_roll_self_00001012_04,3000.0,accepted,ok,
121,00001012,5,sd300c_plain_self_00001012_05,3000.0,accepted,ok,,sd300c_roll_self_00001012_05,3001.0,accepted,ok,
122,00001012,6,sd300c_plain_self_00001012_06,3000.0,accepted,ok,,sd300c_roll_self_00001012_06,3001.0,accepted,ok,
123,00001012,7,sd300c_plain_self_00001012_07,3000.0,accepted,ok,,sd300c_roll_self_00001012_07,3001.0,accepted,ok,
124,00001012,8,sd300c_plain_self_00001012_08,3001.0,accepted,ok,,sd300c_roll_self_00001012_08,3001.0,accepted,ok,
125,00001012,9,sd300c_plain_self_00001012_09,3000.0,accepted,ok,,sd300c_roll_self_00001012_09,3000.0,accepted,ok,
126,00001012,10,sd300c_plain_self_00001012_10,3001.0,accepted,ok,,sd300c_roll_self_00001012_10,3000.0,accepted,ok,
127,00001013,1,sd300c_plain_self_00001013_01,3000.0,accepted,ok,,sd300c_roll_self_00001013_01,3001.0,accepted,ok,
128,00001013,2,sd300c_plain_self_00001013_02,3000.0,accepted,ok,,sd300c_roll_self_00001013_02,3000.0,accepted,ok,
129,00001013,3,sd300c_plain_self_00001013_03,3000.0,accepted,ok,,sd300c_roll_self_00001013_03,3000.0,accepted,ok,
130,00001013,4,sd300c_plain_self_00001013_04,3000.0,accepted,ok,,sd300c_roll_self_00001013_04,3000.0,accepted,ok,
131,00001013,5,sd300c_plain_self_00001013_05,3000.0,accepted,ok,,sd300c_roll_self_00001013_05,3000.0,accepted,ok,
132,00001013,6,sd300c_plain_self_00001013_06,3000.0,accepted,ok,,sd300c_roll_self_00001013_06,3000.0,accepted,ok,
133,00001013,7,sd300c_plain_self_00001013_07,3000.0,accepted,ok,,sd300c_roll_self_00001013_07,3000.0,accepted,ok,
134,00001013,8,sd300c_plain_self_00001013_08,3000.0,accepted,ok,,sd300c_roll_self_00001013_08,3000.0,accepted,ok,
135,00001013,9,sd300c_plain_self_00001013_09,3000.0,accepted,ok,,sd300c_roll_self_00001013_09,3001.0,accepted,ok,
136,00001013,10,sd300c_plain_self_00001013_10,2802.0,accepted,ok,,sd300c_roll_self_00001013_10,3000.0,accepted,ok,
137,00001014,1,sd300c_plain_self_00001014_01,3000.0,accepted,ok,,sd300c_roll_self_00001014_01,3000.0,accepted,ok,
138,00001014,2,sd300c_plain_self_00001014_02,3000.0,accepted,ok,,sd300c_roll_self_00001014_02,3001.0,accepted,ok,
139,00001014,3,sd300c_plain_self_00001014_03,3000.0,accepted,ok,,sd300c_roll_self_00001014_03,3001.0,accepted,ok,
140,00001014,4,sd300c_plain_self_00001014_04,3000.0,accepted,ok,,sd300c_roll_self_00001014_04,3000.0,accepted,ok,
141,00001014,5,sd300c_plain_self_00001014_05,3000.0,accepted,ok,,sd300c_roll_self_00001014_05,3002.0,accepted,ok,
142,00001014,6,sd300c_plain_self_00001014_06,3001.0,accepted,ok,,sd300c_roll_self_00001014_06,3000.0,accepted,ok,
143,00001014,7,sd300c_plain_self_00001014_07,3000.0,accepted,ok,,sd300c_roll_self_00001014_07,3000.0,accepted,ok,
144,00001014,8,sd300c_plain_self_00001014_08,3000.0,accepted,ok,,sd300c_roll_self_00001014_08,3000.0,accepted,ok,
145,00001014,9,sd300c_plain_self_00001014_09,3000.0,accepted,ok,,sd300c_roll_self_00001014_09,3000.0,accepted,ok,
146,00001014,10,sd300c_plain_self_00001014_10,3001.0,accepted,ok,,sd300c_roll_self_00001014_10,3001.0,accepted,ok,
147,00001015,1,sd300c_plain_self_00001015_01,3000.0,accepted,ok,,sd300c_roll_self_00001015_01,3000.0,accepted,ok,
148,00001015,2,sd300c_plain_self_00001015_02,3000.0,accepted,ok,,sd300c_roll_self_00001015_02,3000.0,accepted,ok,
149,00001015,3,sd300c_plain_self_00001015_03,3000.0,accepted,ok,,sd300c_roll_self_00001015_03,3001.0,accepted,ok,
150,00001015,4,sd300c_plain_self_00001015_04,3000.0,accepted,ok,,sd300c_roll_self_00001015_04,3000.0,accepted,ok,
151,00001015,5,sd300c_plain_self_00001015_05,3000.0,accepted,ok,,sd300c_roll_self_00001015_05,3000.0,accepted,ok,
152,00001015,6,sd300c_plain_self_00001015_06,3000.0,accepted,ok,,sd300c_roll_self_00001015_06,3000.0,accepted,ok,
153,00001015,7,sd300c_plain_self_00001015_07,3001.0,accepted,ok,,sd300c_roll_self_00001015_07,3000.0,accepted,ok,
154,00001015,8,sd300c_plain_self_00001015_08,3000.0,accepted,ok,,sd300c_roll_self_00001015_08,3001.0,accepted,ok,
155,00001015,9,sd300c_plain_self_00001015_09,3000.0,accepted,ok,,sd300c_roll_self_00001015_09,3000.0,accepted,ok,
156,00001015,10,sd300c_plain_self_00001015_10,3000.0,accepted,ok,,sd300c_roll_self_00001015_10,3000.0,accepted,ok,
157,00001016,1,sd300c_plain_self_00001016_01,3000.0,accepted,ok,,sd300c_roll_self_00001016_01,3000.0,accepted,ok,
158,00001016,2,sd300c_plain_self_00001016_02,3001.0,accepted,ok,,sd300c_roll_self_00001016_02,3000.0,accepted,ok,
159,00001016,3,sd300c_plain_self_00001016_03,3000.0,accepted,ok,,sd300c_roll_self_00001016_03,3000.0,accepted,ok,
160,00001016,4,sd300c_plain_self_00001016_04,3000.0,accepted,ok,,sd300c_roll_self_00001016_04,3001.0,accepted,ok,
161,00001016,5,sd300c_plain_self_00001016_05,3000.0,accepted,ok,,sd300c_roll_self_00001016_05,3000.0,accepted,ok,
162,00001016,6,sd300c_plain_self_00001016_06,3000.0,accepted,ok,,sd300c_roll_self_00001016_06,3000.0,accepted,ok,
163,00001016,7,sd300c_plain_self_00001016_07,3000.0,accepted,ok,,sd300c_roll_self_00001016_07,3000.0,accepted,ok,
164,00001016,8,sd300c_plain_self_00001016_08,3001.0,accepted,ok,,sd300c_roll_self_00001016_08,3001.0,accepted,ok,
165,00001016,9,sd300c_plain_self_00001016_09,3000.0,accepted,ok,,sd300c_roll_self_00001016_09,3000.0,accepted,ok,
166,00001016,10,sd300c_plain_self_00001016_10,3000.0,accepted,ok,,sd300c_roll_self_00001016_10,3000.0,accepted,ok,
167,00001017,1,sd300c_plain_self_00001017_01,3001.0,accepted,ok,,sd300c_roll_self_00001017_01,3000.0,accepted,ok,
168,00001017,2,sd300c_plain_self_00001017_02,3000.0,accepted,ok,,sd300c_roll_self_00001017_02,3001.0,accepted,ok,
169,00001017,3,sd300c_plain_self_00001017_03,3000.0,accepted,ok,,sd300c_roll_self_00001017_03,3000.0,accepted,ok,
170,00001017,4,sd300c_plain_self_00001017_04,3000.0,accepted,ok,,sd300c_roll_self_00001017_04,3000.0,accepted,ok,
171,00001017,5,sd300c_plain_self_00001017_05,3000.0,accepted,ok,,sd300c_roll_self_00001017_05,3001.0,accepted,ok,
172,00001017,6,sd300c_plain_self_00001017_06,3000.0,accepted,ok,,sd300c_roll_self_00001017_06,3000.0,accepted,ok,
173,00001017,7,sd300c_plain_self_00001017_07,3000.0,accepted,ok,,sd300c_roll_self_00001017_07,3000.0,accepted,ok,
174,00001017,8,sd300c_plain_self_00001017_08,3000.0,accepted,ok,,sd300c_roll_self_00001017_08,3000.0,accepted,ok,
175,00001017,9,sd300c_plain_self_00001017_09,3001.0,accepted,ok,,sd300c_roll_self_00001017_09,3001.0,accepted,ok,
176,00001017,10,sd300c_plain_self_00001017_10,3000.0,accepted,ok,,sd300c_roll_self_00001017_10,3000.0,accepted,ok,
177,00001018,1,sd300c_plain_self_00001018_01,3000.0,accepted,ok,,sd300c_roll_self_00001018_01,3000.0,accepted,ok,
178,00001018,2,sd300c_plain_self_00001018_02,3000.0,accepted,ok,,sd300c_roll_self_00001018_02,3000.0,accepted,ok,
179,00001018,3,sd300c_plain_self_00001018_03,3000.0,accepted,ok,,sd300c_roll_self_00001018_03,3000.0,accepted,ok,
180,00001018,4,sd300c_plain_self_00001018_04,3000.0,accepted,ok,,sd300c_roll_self_00001018_04,3000.0,accepted,ok,
181,00001018,5,sd300c_plain_self_00001018_05,3000.0,accepted,ok,,sd300c_roll_self_00001018_05,3000.0,accepted,ok,
182,00001018,6,sd300c_plain_self_00001018_06,3001.0,accepted,ok,,sd300c_roll_self_00001018_06,3000.0,accepted,ok,
183,00001018,7,sd300c_plain_self_00001018_07,3000.0,accepted,ok,,sd300c_roll_self_00001018_07,3000.0,accepted,ok,
184,00001018,8,sd300c_plain_self_00001018_08,3000.0,accepted,ok,,sd300c_roll_self_00001018_08,3000.0,accepted,ok,
185,00001018,9,sd300c_plain_self_00001018_09,3000.0,accepted,ok,,sd300c_roll_self_00001018_09,3001.0,accepted,ok,
186,00001018,10,sd300c_plain_self_00001018_10,2730.0,accepted,ok,,sd300c_roll_self_00001018_10,3000.0,accepted,ok,
187,00001019,1,sd300c_plain_self_00001019_01,1672.0,accepted,ok,,sd300c_roll_self_00001019_01,3000.0,accepted,ok,
188,00001019,2,sd300c_plain_self_00001019_02,1118.0,accepted,ok,,sd300c_roll_self_00001019_02,3000.0,accepted,ok,
189,00001019,3,sd300c_plain_self_00001019_03,2282.0,accepted,ok,,sd300c_roll_self_00001019_03,3000.0,accepted,ok,
190,00001019,4,sd300c_plain_self_00001019_04,767.0,accepted,ok,,sd300c_roll_self_00001019_04,3000.0,accepted,ok,
191,00001019,6,sd300c_plain_self_00001019_06,2209.0,accepted,ok,,sd300c_roll_self_00001019_06,3001.0,accepted,ok,
192,00001019,8,sd300c_plain_self_00001019_08,2570.0,accepted,ok,,sd300c_roll_self_00001019_08,3000.0,accepted,ok,
193,00001019,9,sd300c_plain_self_00001019_09,1209.0,accepted,ok,,sd300c_roll_self_00001019_09,3000.0,accepted,ok,
194,00001020,1,sd300c_plain_self_00001020_01,3000.0,accepted,ok,,sd300c_roll_self_00001020_01,3000.0,accepted,ok,
195,00001020,2,sd300c_plain_self_00001020_02,3000.0,accepted,ok,,sd300c_roll_self_00001020_02,3000.0,accepted,ok,
196,00001020,3,sd300c_plain_self_00001020_03,3000.0,accepted,ok,,sd300c_roll_self_00001020_03,3001.0,accepted,ok,
197,00001020,4,sd300c_plain_self_00001020_04,3000.0,accepted,ok,,sd300c_roll_self_00001020_04,3000.0,accepted,ok,
198,00001020,5,sd300c_plain_self_00001020_05,2726.0,accepted,ok,,sd300c_roll_self_00001020_05,3000.0,accepted,ok,
199,00001020,6,sd300c_plain_self_00001020_06,3001.0,accepted,ok,,sd300c_roll_self_00001020_06,3000.0,accepted,ok,
200,00001020,7,sd300c_plain_self_00001020_07,3000.0,accepted,ok,,sd300c_roll_self_00001020_07,3002.0,accepted,ok,
201,00001020,8,sd300c_plain_self_00001020_08,3000.0,accepted,ok,,sd300c_roll_self_00001020_08,3000.0,accepted,ok,
202,00001020,9,sd300c_plain_self_00001020_09,3000.0,accepted,ok,,sd300c_roll_self_00001020_09,3000.0,accepted,ok,
203,00001020,10,sd300c_plain_self_00001020_10,2916.0,accepted,ok,,sd300c_roll_self_00001020_10,3000.0,accepted,ok,
204,00001021,1,sd300c_plain_self_00001021_01,3000.0,accepted,ok,,sd300c_roll_self_00001021_01,3000.0,accepted,ok,
205,00001021,2,sd300c_plain_self_00001021_02,2839.0,accepted,ok,,sd300c_roll_self_00001021_02,3000.0,accepted,ok,
206,00001021,3,sd300c_plain_self_00001021_03,3000.0,accepted,ok,,sd300c_roll_self_00001021_03,3000.0,accepted,ok,
207,00001021,4,sd300c_plain_self_00001021_04,2205.0,accepted,ok,,sd300c_roll_self_00001021_04,3000.0,accepted,ok,
208,00001021,6,sd300c_plain_self_00001021_06,3000.0,accepted,ok,,sd300c_roll_self_00001021_06,3000.0,accepted,ok,
209,00001021,7,sd300c_plain_self_00001021_07,1157.0,accepted,ok,,sd300c_roll_self_00001021_07,3001.0,accepted,ok,
210,00001021,8,sd300c_plain_self_00001021_08,2926.0,accepted,ok,,sd300c_roll_self_00001021_08,3000.0,accepted,ok,
211,00001021,9,sd300c_plain_self_00001021_09,2081.0,accepted,ok,,sd300c_roll_self_00001021_09,3000.0,accepted,ok,
212,00001021,10,sd300c_plain_self_00001021_10,1342.0,accepted,ok,,sd300c_roll_self_00001021_10,3000.0,accepted,ok,
213,00001022,1,sd300c_plain_self_00001022_01,3001.0,accepted,ok,,sd300c_roll_self_00001022_01,3000.0,accepted,ok,
214,00001022,2,sd300c_plain_self_00001022_02,2919.0,accepted,ok,,sd300c_roll_self_00001022_02,3000.0,accepted,ok,
215,00001022,3,sd300c_plain_self_00001022_03,3000.0,accepted,ok,,sd300c_roll_self_00001022_03,3000.0,accepted,ok,
216,00001022,4,sd300c_plain_self_00001022_04,735.0,accepted,ok,,sd300c_roll_self_00001022_04,3001.0,accepted,ok,
217,00001022,5,sd300c_plain_self_00001022_05,476.0,accepted,ok,,sd300c_roll_self_00001022_05,3000.0,accepted,ok,
218,00001022,6,sd300c_plain_self_00001022_06,3000.0,accepted,ok,,sd300c_roll_self_00001022_06,3000.0,accepted,ok,
219,00001022,7,sd300c_plain_self_00001022_07,1900.0,accepted,ok,,sd300c_roll_self_00001022_07,3001.0,accepted,ok,
220,00001022,8,sd300c_plain_self_00001022_08,3000.0,accepted,ok,,sd300c_roll_self_00001022_08,3000.0,accepted,ok,
221,00001022,9,sd300c_plain_self_00001022_09,1827.0,accepted,ok,,sd300c_roll_self_00001022_09,3000.0,accepted,ok,
222,00001022,10,sd300c_plain_self_00001022_10,1059.0,accepted,ok,,sd300c_roll_self_00001022_10,3000.0,accepted,ok,
223,00001023,1,sd300c_plain_self_00001023_01,3000.0,accepted,ok,,sd300c_roll_self_00001023_01,3000.0,accepted,ok,
224,00001023,2,sd300c_plain_self_00001023_02,3000.0,accepted,ok,,sd300c_roll_self_00001023_02,3000.0,accepted,ok,
225,00001023,3,sd300c_plain_self_00001023_03,3000.0,accepted,ok,,sd300c_roll_self_00001023_03,3000.0,accepted,ok,
226,00001023,4,sd300c_plain_self_00001023_04,3000.0,accepted,ok,,sd300c_roll_self_00001023_04,3000.0,accepted,ok,
227,00001023,5,sd300c_plain_self_00001023_05,3000.0,accepted,ok,,sd300c_roll_self_00001023_05,3000.0,accepted,ok,
228,00001023,6,sd300c_plain_self_00001023_06,3000.0,accepted,ok,,sd300c_roll_self_00001023_06,3001.0,accepted,ok,
229,00001023,7,sd300c_plain_self_00001023_07,3000.0,accepted,ok,,sd300c_roll_self_00001023_07,3001.0,accepted,ok,
230,00001023,8,sd300c_plain_self_00001023_08,3000.0,accepted,ok,,sd300c_roll_self_00001023_08,3000.0,accepted,ok,
231,00001023,9,sd300c_plain_self_00001023_09,3000.0,accepted,ok,,sd300c_roll_self_00001023_09,3000.0,accepted,ok,
232,00001023,10,sd300c_plain_self_00001023_10,3000.0,accepted,ok,,sd300c_roll_self_00001023_10,3001.0,accepted,ok,
233,00001024,1,sd300c_plain_self_00001024_01,3001.0,accepted,ok,,sd300c_roll_self_00001024_01,3000.0,accepted,ok,
234,00001024,2,sd300c_plain_self_00001024_02,3000.0,accepted,ok,,sd300c_roll_self_00001024_02,3000.0,accepted,ok,
235,00001024,3,sd300c_plain_self_00001024_03,3000.0,accepted,ok,,sd300c_roll_self_00001024_03,3000.0,accepted,ok,
236,00001024,4,sd300c_plain_self_00001024_04,3000.0,accepted,ok,,sd300c_roll_self_00001024_04,3000.0,accepted,ok,
237,00001024,5,sd300c_plain_self_00001024_05,2643.0,accepted,ok,,sd300c_roll_self_00001024_05,3000.0,accepted,ok,
238,00001024,6,sd300c_plain_self_00001024_06,3000.0,accepted,ok,,sd300c_roll_self_00001024_06,3000.0,accepted,ok,
239,00001024,7,sd300c_plain_self_00001024_07,2799.0,accepted,ok,,sd300c_roll_self_00001024_07,3000.0,accepted,ok,
240,00001024,8,sd300c_plain_self_00001024_08,3000.0,accepted,ok,,sd300c_roll_self_00001024_08,3000.0,accepted,ok,
241,00001024,9,sd300c_plain_self_00001024_09,2876.0,accepted,ok,,sd300c_roll_self_00001024_09,3000.0,accepted,ok,
242,00001024,10,sd300c_plain_self_00001024_10,1553.0,accepted,ok,,sd300c_roll_self_00001024_10,3000.0,accepted,ok,
243,00001025,1,sd300c_plain_self_00001025_01,3000.0,accepted,ok,,sd300c_roll_self_00001025_01,3000.0,accepted,ok,
244,00001025,2,sd300c_plain_self_00001025_02,2623.0,accepted,ok,,sd300c_roll_self_00001025_02,3001.0,accepted,ok,
245,00001025,3,sd300c_plain_self_00001025_03,3000.0,accepted,ok,,sd300c_roll_self_00001025_03,3000.0,accepted,ok,
246,00001025,4,sd300c_plain_self_00001025_04,3001.0,accepted,ok,,sd300c_roll_self_00001025_04,3000.0,accepted,ok,
247,00001025,5,sd300c_plain_self_00001025_05,3000.0,accepted,ok,,sd300c_roll_self_00001025_05,3000.0,accepted,ok,
248,00001025,6,sd300c_plain_self_00001025_06,3000.0,accepted,ok,,sd300c_roll_self_00001025_06,3000.0,accepted,ok,
249,00001025,7,sd300c_plain_self_00001025_07,3000.0,accepted,ok,,sd300c_roll_self_00001025_07,3000.0,accepted,ok,
250,00001025,8,sd300c_plain_self_00001025_08,3000.0,accepted,ok,,sd300c_roll_self_00001025_08,3001.0,accepted,ok,
251,00001025,9,sd300c_plain_self_00001025_09,3000.0,accepted,ok,,sd300c_roll_self_00001025_09,3001.0,accepted,ok,
252,00001025,10,sd300c_plain_self_00001025_10,2911.0,accepted,ok,,sd300c_roll_self_00001025_10,3001.0,accepted,ok,
253,00001026,1,sd300c_plain_self_00001026_01,3000.0,accepted,ok,,sd300c_roll_self_00001026_01,3000.0,accepted,ok,
254,00001026,2,sd300c_plain_self_00001026_02,3000.0,accepted,ok,,sd300c_roll_self_00001026_02,3000.0,accepted,ok,
255,00001026,3,sd300c_plain_self_00001026_03,3000.0,accepted,ok,,sd300c_roll_self_00001026_03,3000.0,accepted,ok,
256,00001026,4,sd300c_plain_self_00001026_04,3000.0,accepted,ok,,sd300c_roll_self_00001026_04,3000.0,accepted,ok,
257,00001026,5,sd300c_plain_self_00001026_05,3000.0,accepted,ok,,sd300c_roll_self_00001026_05,3000.0,accepted,ok,
258,00001026,6,sd300c_plain_self_00001026_06,3000.0,accepted,ok,,sd300c_roll_self_00001026_06,3000.0,accepted,ok,
259,00001026,7,sd300c_plain_self_00001026_07,3000.0,accepted,ok,,sd300c_roll_self_00001026_07,3000.0,accepted,ok,
260,00001026,8,sd300c_plain_self_00001026_08,3000.0,accepted,ok,,sd300c_roll_self_00001026_08,3000.0,accepted,ok,
261,00001026,9,sd300c_plain_self_00001026_09,3000.0,accepted,ok,,sd300c_roll_self_00001026_09,3000.0,accepted,ok,
262,00001026,10,sd300c_plain_self_00001026_10,3000.0,accepted,ok,,sd300c_roll_self_00001026_10,3000.0,accepted,ok,
263,00001027,1,sd300c_plain_self_00001027_01,3000.0,accepted,ok,,sd300c_roll_self_00001027_01,3000.0,accepted,ok,
264,00001027,2,sd300c_plain_self_00001027_02,3000.0,accepted,ok,,sd300c_roll_self_00001027_02,3000.0,accepted,ok,
265,00001027,3,sd300c_plain_self_00001027_03,3001.0,accepted,ok,,sd300c_roll_self_00001027_03,3001.0,accepted,ok,
266,00001027,4,sd300c_plain_self_00001027_04,3000.0,accepted,ok,,sd300c_roll_self_00001027_04,3000.0,accepted,ok,
267,00001027,5,sd300c_plain_self_00001027_05,3001.0,accepted,ok,,sd300c_roll_self_00001027_05,3001.0,accepted,ok,
268,00001027,6,sd300c_plain_self_00001027_06,3000.0,accepted,ok,,sd300c_roll_self_00001027_06,3000.0,accepted,ok,
269,00001027,7,sd300c_plain_self_00001027_07,3000.0,accepted,ok,,sd300c_roll_self_00001027_07,3000.0,accepted,ok,
270,00001027,8,sd300c_plain_self_00001027_08,3000.0,accepted,ok,,sd300c_roll_self_00001027_08,3001.0,accepted,ok,
271,00001027,9,sd300c_plain_self_00001027_09,3000.0,accepted,ok,,sd300c_roll_self_00001027_09,3000.0,accepted,ok,
272,00001027,10,sd300c_plain_self_00001027_10,3000.0,accepted,ok,,sd300c_roll_self_00001027_10,3000.0,accepted,ok,
273,00001028,1,sd300c_plain_self_00001028_01,3000.0,accepted,ok,,sd300c_roll_self_00001028_01,3000.0,accepted,ok,
274,00001028,2,sd300c_plain_self_00001028_02,2139.0,accepted,ok,,sd300c_roll_self_00001028_02,3001.0,accepted,ok,
275,00001028,3,sd300c_plain_self_00001028_03,2812.0,accepted,ok,,sd300c_roll_self_00001028_03,3001.0,accepted,ok,
276,00001028,4,sd300c_plain_self_00001028_04,1735.0,accepted,ok,,sd300c_roll_self_00001028_04,3000.0,accepted,ok,
277,00001028,5,sd300c_plain_self_00001028_05,987.0,accepted,ok,,sd300c_roll_self_00001028_05,3000.0,accepted,ok,
278,00001028,6,sd300c_plain_self_00001028_06,3001.0,accepted,ok,,sd300c_roll_self_00001028_06,3000.0,accepted,ok,
279,00001028,7,sd300c_plain_self_00001028_07,3000.0,accepted,ok,,sd300c_roll_self_00001028_07,3001.0,accepted,ok,
280,00001028,8,sd300c_plain_self_00001028_08,3000.0,accepted,ok,,sd300c_roll_self_00001028_08,3000.0,accepted,ok,
281,00001028,9,sd300c_plain_self_00001028_09,3000.0,accepted,ok,,sd300c_roll_self_00001028_09,3000.0,accepted,ok,
282,00001028,10,sd300c_plain_self_00001028_10,2896.0,accepted,ok,,sd300c_roll_self_00001028_10,3000.0,accepted,ok,
283,00001029,1,sd300c_plain_self_00001029_01,3001.0,accepted,ok,,sd300c_roll_self_00001029_01,3000.0,accepted,ok,
284,00001029,2,sd300c_plain_self_00001029_02,3000.0,accepted,ok,,sd300c_roll_self_00001029_02,3000.0,accepted,ok,
285,00001029,3,sd300c_plain_self_00001029_03,3001.0,accepted,ok,,sd300c_roll_self_00001029_03,3001.0,accepted,ok,
286,00001029,4,sd300c_plain_self_00001029_04,3000.0,accepted,ok,,sd300c_roll_self_00001029_04,3000.0,accepted,ok,
287,00001029,5,sd300c_plain_self_00001029_05,785.0,accepted,ok,,sd300c_roll_self_00001029_05,3000.0,accepted,ok,
288,00001029,6,sd300c_plain_self_00001029_06,3000.0,accepted,ok,,sd300c_roll_self_00001029_06,3001.0,accepted,ok,
289,00001029,7,sd300c_plain_self_00001029_07,3000.0,accepted,ok,,sd300c_roll_self_00001029_07,3000.0,accepted,ok,
290,00001029,8,sd300c_plain_self_00001029_08,3001.0,accepted,ok,,sd300c_roll_self_00001029_08,3000.0,accepted,ok,
291,00001029,9,sd300c_plain_self_00001029_09,3000.0,accepted,ok,,sd300c_roll_self_00001029_09,3000.0,accepted,ok,
292,00001029,10,sd300c_plain_self_00001029_10,3000.0,accepted,ok,,sd300c_roll_self_00001029_10,3001.0,accepted,ok,
293,00001030,1,sd300c_plain_self_00001030_01,3001.0,accepted,ok,,sd300c_roll_self_00001030_01,3000.0,accepted,ok,
294,00001030,2,sd300c_plain_self_00001030_02,3000.0,accepted,ok,,sd300c_roll_self_00001030_02,3000.0,accepted,ok,
295,00001030,3,sd300c_plain_self_00001030_03,3001.0,accepted,ok,,sd300c_roll_self_00001030_03,3000.0,accepted,ok,
296,00001030,4,sd300c_plain_self_00001030_04,3000.0,accepted,ok,,sd300c_roll_self_00001030_04,3000.0,accepted,ok,
297,00001030,5,sd300c_plain_self_00001030_05,931.0,accepted,ok,,sd300c_roll_self_00001030_05,3000.0,accepted,ok,
298,00001030,6,sd300c_plain_self_00001030_06,3000.0,accepted,ok,,sd300c_roll_self_00001030_06,3001.0,accepted,ok,
299,00001030,7,sd300c_plain_self_00001030_07,3000.0,accepted,ok,,sd300c_roll_self_00001030_07,3000.0,accepted,ok,
300,00001030,8,sd300c_plain_self_00001030_08,1743.0,accepted,ok,,sd300c_roll_self_00001030_08,3000.0,accepted,ok,
301,00001030,9,sd300c_plain_self_00001030_09,3001.0,accepted,ok,,sd300c_roll_self_00001030_09,3000.0,accepted,ok,
302,00001030,10,sd300c_plain_self_00001030_10,3000.0,accepted,ok,,sd300c_roll_self_00001030_10,3000.0,accepted,ok,
303,00001031,1,sd300c_plain_self_00001031_01,3001.0,accepted,ok,,sd300c_roll_self_00001031_01,3000.0,accepted,ok,
304,00001031,2,sd300c_plain_self_00001031_02,3000.0,accepted,ok,,sd300c_roll_self_00001031_02,3000.0,accepted,ok,
305,00001031,3,sd300c_plain_self_00001031_03,3000.0,accepted,ok,,sd300c_roll_self_00001031_03,3000.0,accepted,ok,
306,00001031,4,sd300c_plain_self_00001031_04,3000.0,accepted,ok,,sd300c_roll_self_00001031_04,3001.0,accepted,ok,
307,00001031,5,sd300c_plain_self_00001031_05,3001.0,accepted,ok,,sd300c_roll_self_00001031_05,3000.0,accepted,ok,
308,00001031,6,sd300c_plain_self_00001031_06,3000.0,accepted,ok,,sd300c_roll_self_00001031_06,3000.0,accepted,ok,
309,00001031,7,sd300c_plain_self_00001031_07,3000.0,accepted,ok,,sd300c_roll_self_00001031_07,3000.0,accepted,ok,
310,00001031,8,sd300c_plain_self_00001031_08,3000.0,accepted,ok,,sd300c_roll_self_00001031_08,3000.0,accepted,ok,
311,00001031,9,sd300c_plain_self_00001031_09,3000.0,accepted,ok,,sd300c_roll_self_00001031_09,3000.0,accepted,ok,
312,00001031,10,sd300c_plain_self_00001031_10,3000.0,accepted,ok,,sd300c_roll_self_00001031_10,3000.0,accepted,ok,
313,00001032,1,sd300c_plain_self_00001032_01,3001.0,accepted,ok,,sd300c_roll_self_00001032_01,3000.0,accepted,ok,
314,00001032,2,sd300c_plain_self_00001032_02,2981.0,accepted,ok,,sd300c_roll_self_00001032_02,3000.0,accepted,ok,
315,00001032,3,sd300c_plain_self_00001032_03,3000.0,accepted,ok,,sd300c_roll_self_00001032_03,3000.0,accepted,ok,
316,00001032,4,sd300c_plain_self_00001032_04,3000.0,accepted,ok,,sd300c_roll_self_00001032_04,3000.0,accepted,ok,
317,00001032,5,sd300c_plain_self_00001032_05,3000.0,accepted,ok,,sd300c_roll_self_00001032_05,3000.0,accepted,ok,
318,00001032,6,sd300c_plain_self_00001032_06,2961.0,accepted,ok,,sd300c_roll_self_00001032_06,3000.0,accepted,ok,
319,00001032,7,sd300c_plain_self_00001032_07,2732.0,accepted,ok,,sd300c_roll_self_00001032_07,3000.0,accepted,ok,
320,00001032,8,sd300c_plain_self_00001032_08,3000.0,accepted,ok,,sd300c_roll_self_00001032_08,3000.0,accepted,ok,
321,00001032,9,sd300c_plain_self_00001032_09,3000.0,accepted,ok,,sd300c_roll_self_00001032_09,3001.0,accepted,ok,
322,00001032,10,sd300c_plain_self_00001032_10,3000.0,accepted,ok,,sd300c_roll_self_00001032_10,3000.0,accepted,ok,
323,00001033,1,sd300c_plain_self_00001033_01,3000.0,accepted,ok,,sd300c_roll_self_00001033_01,3000.0,accepted,ok,
324,00001033,2,sd300c_plain_self_00001033_02,3000.0,accepted,ok,,sd300c_roll_self_00001033_02,3000.0,accepted,ok,
325,00001033,3,sd300c_plain_self_00001033_03,3000.0,accepted,ok,,sd300c_roll_self_00001033_03,3000.0,accepted,ok,
326,00001033,4,sd300c_plain_self_00001033_04,3000.0,accepted,ok,,sd300c_roll_self_00001033_04,3000.0,accepted,ok,
327,00001033,5,sd300c_plain_self_00001033_05,2705.0,accepted,ok,,sd300c_roll_self_00001033_05,3000.0,accepted,ok,
328,00001033,6,sd300c_plain_self_00001033_06,3002.0,accepted,ok,,sd300c_roll_self_00001033_06,3000.0,accepted,ok,
329,00001033,7,sd300c_plain_self_00001033_07,3000.0,accepted,ok,,sd300c_roll_self_00001033_07,3001.0,accepted,ok,
330,00001033,8,sd300c_plain_self_00001033_08,3000.0,accepted,ok,,sd300c_roll_self_00001033_08,3000.0,accepted,ok,
331,00001033,9,sd300c_plain_self_00001033_09,3000.0,accepted,ok,,sd300c_roll_self_00001033_09,3000.0,accepted,ok,
332,00001033,10,sd300c_plain_self_00001033_10,1965.0,accepted,ok,,sd300c_roll_self_00001033_10,3000.0,accepted,ok,
333,00001034,1,sd300c_plain_self_00001034_01,3000.0,accepted,ok,,sd300c_roll_self_00001034_01,3000.0,accepted,ok,
334,00001034,2,sd300c_plain_self_00001034_02,3000.0,accepted,ok,,sd300c_roll_self_00001034_02,3000.0,accepted,ok,
335,00001034,3,sd300c_plain_self_00001034_03,3000.0,accepted,ok,,sd300c_roll_self_00001034_03,3000.0,accepted,ok,
336,00001034,4,sd300c_plain_self_00001034_04,3000.0,accepted,ok,,sd300c_roll_self_00001034_04,3000.0,accepted,ok,
337,00001034,5,sd300c_plain_self_00001034_05,3000.0,accepted,ok,,sd300c_roll_self_00001034_05,3000.0,accepted,ok,
338,00001034,6,sd300c_plain_self_00001034_06,3000.0,accepted,ok,,sd300c_roll_self_00001034_06,3000.0,accepted,ok,
339,00001034,7,sd300c_plain_self_00001034_07,3000.0,accepted,ok,,sd300c_roll_self_00001034_07,3000.0,accepted,ok,
340,00001034,8,sd300c_plain_self_00001034_08,3001.0,accepted,ok,,sd300c_roll_self_00001034_08,3001.0,accepted,ok,
341,00001034,9,sd300c_plain_self_00001034_09,3000.0,accepted,ok,,sd300c_roll_self_00001034_09,3000.0,accepted,ok,
342,00001034,10,sd300c_plain_self_00001034_10,3000.0,accepted,ok,,sd300c_roll_self_00001034_10,3000.0,accepted,ok,
343,00001035,1,sd300c_plain_self_00001035_01,3000.0,accepted,ok,,sd300c_roll_self_00001035_01,3000.0,accepted,ok,
344,00001035,2,sd300c_plain_self_00001035_02,3000.0,accepted,ok,,sd300c_roll_self_00001035_02,3000.0,accepted,ok,
345,00001035,3,sd300c_plain_self_00001035_03,3001.0,accepted,ok,,sd300c_roll_self_00001035_03,3000.0,accepted,ok,
346,00001035,4,sd300c_plain_self_00001035_04,3001.0,accepted,ok,,sd300c_roll_self_00001035_04,3001.0,accepted,ok,
347,00001035,5,sd300c_plain_self_00001035_05,3000.0,accepted,ok,,sd300c_roll_self_00001035_05,3000.0,accepted,ok,
348,00001035,6,sd300c_plain_self_00001035_06,3000.0,accepted,ok,,sd300c_roll_self_00001035_06,3000.0,accepted,ok,
349,00001035,7,sd300c_plain_self_00001035_07,3000.0,accepted,ok,,sd300c_roll_self_00001035_07,3001.0,accepted,ok,
350,00001035,8,sd300c_plain_self_00001035_08,3000.0,accepted,ok,,sd300c_roll_self_00001035_08,3000.0,accepted,ok,
351,00001035,9,sd300c_plain_self_00001035_09,3001.0,accepted,ok,,sd300c_roll_self_00001035_09,3000.0,accepted,ok,
352,00001035,10,sd300c_plain_self_00001035_10,2669.0,accepted,ok,,sd300c_roll_self_00001035_10,3000.0,accepted,ok,
353,00001036,1,sd300c_plain_self_00001036_01,3000.0,accepted,ok,,sd300c_roll_self_00001036_01,3002.0,accepted,ok,
354,00001036,2,sd300c_plain_self_00001036_02,3000.0,accepted,ok,,sd300c_roll_self_00001036_02,3000.0,accepted,ok,
355,00001036,3,sd300c_plain_self_00001036_03,3000.0,accepted,ok,,sd300c_roll_self_00001036_03,3000.0,accepted,ok,
356,00001036,4,sd300c_plain_self_00001036_04,3000.0,accepted,ok,,sd300c_roll_self_00001036_04,3000.0,accepted,ok,
357,00001036,5,sd300c_plain_self_00001036_05,2138.0,accepted,ok,,sd300c_roll_self_00001036_05,3000.0,accepted,ok,
358,00001036,6,sd300c_plain_self_00001036_06,3000.0,accepted,ok,,sd300c_roll_self_00001036_06,3000.0,accepted,ok,
359,00001036,7,sd300c_plain_self_00001036_07,3000.0,accepted,ok,,sd300c_roll_self_00001036_07,3000.0,accepted,ok,
360,00001036,8,sd300c_plain_self_00001036_08,3000.0,accepted,ok,,sd300c_roll_self_00001036_08,3000.0,accepted,ok,
361,00001036,9,sd300c_plain_self_00001036_09,3000.0,accepted,ok,,sd300c_roll_self_00001036_09,3000.0,accepted,ok,
362,00001036,10,sd300c_plain_self_00001036_10,1703.0,accepted,ok,,sd300c_roll_self_00001036_10,3001.0,accepted,ok,
363,00001037,1,sd300c_plain_self_00001037_01,3000.0,accepted,ok,,sd300c_roll_self_00001037_01,3000.0,accepted,ok,
364,00001037,2,sd300c_plain_self_00001037_02,3000.0,accepted,ok,,sd300c_roll_self_00001037_02,3000.0,accepted,ok,
365,00001037,3,sd300c_plain_self_00001037_03,3000.0,accepted,ok,,sd300c_roll_self_00001037_03,3000.0,accepted,ok,
366,00001037,4,sd300c_plain_self_00001037_04,3000.0,accepted,ok,,sd300c_roll_self_00001037_04,3000.0,accepted,ok,
367,00001037,5,sd300c_plain_self_00001037_05,3000.0,accepted,ok,,sd300c_roll_self_00001037_05,3001.0,accepted,ok,
368,00001037,6,sd300c_plain_self_00001037_06,3000.0,accepted,ok,,sd300c_roll_self_00001037_06,3001.0,accepted,ok,
369,00001037,7,sd300c_plain_self_00001037_07,3001.0,accepted,ok,,sd300c_roll_self_00001037_07,3000.0,accepted,ok,
370,00001037,8,sd300c_plain_self_00001037_08,3000.0,accepted,ok,,sd300c_roll_self_00001037_08,3000.0,accepted,ok,
371,00001037,9,sd300c_plain_self_00001037_09,3000.0,accepted,ok,,sd300c_roll_self_00001037_09,3000.0,accepted,ok,
372,00001037,10,sd300c_plain_self_00001037_10,3001.0,accepted,ok,,sd300c_roll_self_00001037_10,3000.0,accepted,ok,
373,00001038,1,sd300c_plain_self_00001038_01,3000.0,accepted,ok,,sd300c_roll_self_00001038_01,3000.0,accepted,ok,
374,00001038,2,sd300c_plain_self_00001038_02,3000.0,accepted,ok,,sd300c_roll_self_00001038_02,3001.0,accepted,ok,
375,00001038,3,sd300c_plain_self_00001038_03,3000.0,accepted,ok,,sd300c_roll_self_00001038_03,3001.0,accepted,ok,
376,00001038,4,sd300c_plain_self_00001038_04,2982.0,accepted,ok,,sd300c_roll_self_00001038_04,3000.0,accepted,ok,
377,00001038,5,sd300c_plain_self_00001038_05,1889.0,accepted,ok,,sd300c_roll_self_00001038_05,3000.0,accepted,ok,
378,00001038,6,sd300c_plain_self_00001038_06,3000.0,accepted,ok,,sd300c_roll_self_00001038_06,3000.0,accepted,ok,
379,00001038,7,sd300c_plain_self_00001038_07,3000.0,accepted,ok,,sd300c_roll_self_00001038_07,3000.0,accepted,ok,
380,00001038,8,sd300c_plain_self_00001038_08,3000.0,accepted,ok,,sd300c_roll_self_00001038_08,3000.0,accepted,ok,
381,00001038,9,sd300c_plain_self_00001038_09,3000.0,accepted,ok,,sd300c_roll_self_00001038_09,3000.0,accepted,ok,
382,00001038,10,sd300c_plain_self_00001038_10,3000.0,accepted,ok,,sd300c_roll_self_00001038_10,3000.0,accepted,ok,
383,00001039,1,sd300c_plain_self_00001039_01,3000.0,accepted,ok,,sd300c_roll_self_00001039_01,3000.0,accepted,ok,
384,00001039,2,sd300c_plain_self_00001039_02,3000.0,accepted,ok,,sd300c_roll_self_00001039_02,3000.0,accepted,ok,
385,00001039,3,sd300c_plain_self_00001039_03,3000.0,accepted,ok,,sd300c_roll_self_00001039_03,3001.0,accepted,ok,
386,00001039,4,sd300c_plain_self_00001039_04,3000.0,accepted,ok,,sd300c_roll_self_00001039_04,3001.0,accepted,ok,
387,00001039,5,sd300c_plain_self_00001039_05,3000.0,accepted,ok,,sd300c_roll_self_00001039_05,3000.0,accepted,ok,
388,00001039,6,sd300c_plain_self_00001039_06,3000.0,accepted,ok,,sd300c_roll_self_00001039_06,3001.0,accepted,ok,
389,00001039,7,sd300c_plain_self_00001039_07,2995.0,accepted,ok,,sd300c_roll_self_00001039_07,3000.0,accepted,ok,
390,00001039,8,sd300c_plain_self_00001039_08,3000.0,accepted,ok,,sd300c_roll_self_00001039_08,3000.0,accepted,ok,
391,00001039,9,sd300c_plain_self_00001039_09,3000.0,accepted,ok,,sd300c_roll_self_00001039_09,3000.0,accepted,ok,
392,00001039,10,sd300c_plain_self_00001039_10,3001.0,accepted,ok,,sd300c_roll_self_00001039_10,3000.0,accepted,ok,
393,00001040,1,sd300c_plain_self_00001040_01,3000.0,accepted,ok,,sd300c_roll_self_00001040_01,3000.0,accepted,ok,
394,00001040,3,sd300c_plain_self_00001040_03,3000.0,accepted,ok,,sd300c_roll_self_00001040_03,3001.0,accepted,ok,
395,00001040,4,sd300c_plain_self_00001040_04,1827.0,accepted,ok,,sd300c_roll_self_00001040_04,3001.0,accepted,ok,
396,00001040,6,sd300c_plain_self_00001040_06,3000.0,accepted,ok,,sd300c_roll_self_00001040_06,3000.0,accepted,ok,
397,00001040,7,sd300c_plain_self_00001040_07,2878.0,accepted,ok,,sd300c_roll_self_00001040_07,3000.0,accepted,ok,
398,00001040,8,sd300c_plain_self_00001040_08,3000.0,accepted,ok,,sd300c_roll_self_00001040_08,3000.0,accepted,ok,
399,00001040,9,sd300c_plain_self_00001040_09,2628.0,accepted,ok,,sd300c_roll_self_00001040_09,3000.0,accepted,ok,
400,00001041,1,sd300c_plain_self_00001041_01,3000.0,accepted,ok,,sd300c_roll_self_00001041_01,3000.0,accepted,ok,
401,00001041,2,sd300c_plain_self_00001041_02,3000.0,accepted,ok,,sd300c_roll_self_00001041_02,3000.0,accepted,ok,
402,00001041,3,sd300c_plain_self_00001041_03,3000.0,accepted,ok,,sd300c_roll_self_00001041_03,3000.0,accepted,ok,
403,00001041,4,sd300c_plain_self_00001041_04,3000.0,accepted,ok,,sd300c_roll_self_00001041_04,3001.0,accepted,ok,
404,00001041,5,sd300c_plain_self_00001041_05,3000.0,accepted,ok,,sd300c_roll_self_00001041_05,3000.0,accepted,ok,
405,00001041,6,sd300c_plain_self_00001041_06,3000.0,accepted,ok,,sd300c_roll_self_00001041_06,3000.0,accepted,ok,
406,00001041,7,sd300c_plain_self_00001041_07,3000.0,accepted,ok,,sd300c_roll_self_00001041_07,3000.0,accepted,ok,
407,00001041,8,sd300c_plain_self_00001041_08,3000.0,accepted,ok,,sd300c_roll_self_00001041_08,3001.0,accepted,ok,
408,00001041,9,sd300c_plain_self_00001041_09,3000.0,accepted,ok,,sd300c_roll_self_00001041_09,3000.0,accepted,ok,
409,00001041,10,sd300c_plain_self_00001041_10,2563.0,accepted,ok,,sd300c_roll_self_00001041_10,3000.0,accepted,ok,
410,00001042,1,sd300c_plain_self_00001042_01,3000.0,accepted,ok,,sd300c_roll_self_00001042_01,3000.0,accepted,ok,
411,00001042,2,sd300c_plain_self_00001042_02,3000.0,accepted,ok,,sd300c_roll_self_00001042_02,3000.0,accepted,ok,
412,00001042,3,sd300c_plain_self_00001042_03,3000.0,accepted,ok,,sd300c_roll_self_00001042_03,3001.0,accepted,ok,
413,00001042,4,sd300c_plain_self_00001042_04,2996.0,accepted,ok,,sd300c_roll_self_00001042_04,3000.0,accepted,ok,
414,00001042,5,sd300c_plain_self_00001042_05,1386.0,accepted,ok,,sd300c_roll_self_00001042_05,3003.0,accepted,ok,
415,00001042,6,sd300c_plain_self_00001042_06,3001.0,accepted,ok,,sd300c_roll_self_00001042_06,3000.0,accepted,ok,
416,00001042,7,sd300c_plain_self_00001042_07,3000.0,accepted,ok,,sd300c_roll_self_00001042_07,3000.0,accepted,ok,
417,00001042,8,sd300c_plain_self_00001042_08,3000.0,accepted,ok,,sd300c_roll_self_00001042_08,3000.0,accepted,ok,
418,00001042,9,sd300c_plain_self_00001042_09,3000.0,accepted,ok,,sd300c_roll_self_00001042_09,3000.0,accepted,ok,
419,00001042,10,sd300c_plain_self_00001042_10,924.0,accepted,ok,,sd300c_roll_self_00001042_10,3001.0,accepted,ok,
420,00001043,1,sd300c_plain_self_00001043_01,3001.0,accepted,ok,,sd300c_roll_self_00001043_01,3001.0,accepted,ok,
421,00001043,2,sd300c_plain_self_00001043_02,3000.0,accepted,ok,,sd300c_roll_self_00001043_02,3000.0,accepted,ok,
422,00001043,3,sd300c_plain_self_00001043_03,3000.0,accepted,ok,,sd300c_roll_self_00001043_03,3000.0,accepted,ok,
423,00001043,4,sd300c_plain_self_00001043_04,3000.0,accepted,ok,,sd300c_roll_self_00001043_04,3001.0,accepted,ok,
424,00001043,5,sd300c_plain_self_00001043_05,3000.0,accepted,ok,,sd300c_roll_self_00001043_05,3001.0,accepted,ok,
425,00001043,6,sd300c_plain_self_00001043_06,3000.0,accepted,ok,,sd300c_roll_self_00001043_06,3000.0,accepted,ok,
426,00001043,7,sd300c_plain_self_00001043_07,3000.0,accepted,ok,,sd300c_roll_self_00001043_07,3000.0,accepted,ok,
427,00001043,8,sd300c_plain_self_00001043_08,3000.0,accepted,ok,,sd300c_roll_self_00001043_08,3000.0,accepted,ok,
428,00001043,9,sd300c_plain_self_00001043_09,3000.0,accepted,ok,,sd300c_roll_self_00001043_09,3000.0,accepted,ok,
429,00001043,10,sd300c_plain_self_00001043_10,3000.0,accepted,ok,,sd300c_roll_self_00001043_10,3001.0,accepted,ok,
430,00001044,1,sd300c_plain_self_00001044_01,3000.0,accepted,ok,,sd300c_roll_self_00001044_01,3000.0,accepted,ok,
431,00001044,3,sd300c_plain_self_00001044_03,3000.0,accepted,ok,,sd300c_roll_self_00001044_03,3000.0,accepted,ok,
432,00001044,4,sd300c_plain_self_00001044_04,2378.0,accepted,ok,,sd300c_roll_self_00001044_04,3000.0,accepted,ok,
433,00001044,5,sd300c_plain_self_00001044_05,1233.0,accepted,ok,,sd300c_roll_self_00001044_05,3000.0,accepted,ok,
434,00001044,6,sd300c_plain_self_00001044_06,3000.0,accepted,ok,,sd300c_roll_self_00001044_06,3001.0,accepted,ok,
435,00001044,7,sd300c_plain_self_00001044_07,2306.0,accepted,ok,,sd300c_roll_self_00001044_07,3000.0,accepted,ok,
436,00001044,8,sd300c_plain_self_00001044_08,3001.0,accepted,ok,,sd300c_roll_self_00001044_08,3000.0,accepted,ok,
437,00001044,10,sd300c_plain_self_00001044_10,1445.0,accepted,ok,,sd300c_roll_self_00001044_10,3000.0,accepted,ok,
438,00001045,1,sd300c_plain_self_00001045_01,3000.0,accepted,ok,,sd300c_roll_self_00001045_01,3000.0,accepted,ok,
439,00001045,2,sd300c_plain_self_00001045_02,3001.0,accepted,ok,,sd300c_roll_self_00001045_02,3000.0,accepted,ok,
440,00001045,3,sd300c_plain_self_00001045_03,3000.0,accepted,ok,,sd300c_roll_self_00001045_03,3001.0,accepted,ok,
441,00001045,4,sd300c_plain_self_00001045_04,3000.0,accepted,ok,,sd300c_roll_self_00001045_04,3001.0,accepted,ok,
442,00001045,5,sd300c_plain_self_00001045_05,1432.0,accepted,ok,,sd300c_roll_self_00001045_05,3000.0,accepted,ok,
443,00001045,6,sd300c_plain_self_00001045_06,3000.0,accepted,ok,,sd300c_roll_self_00001045_06,3000.0,accepted,ok,
444,00001045,7,sd300c_plain_self_00001045_07,3000.0,accepted,ok,,sd300c_roll_self_00001045_07,3000.0,accepted,ok,
445,00001045,8,sd300c_plain_self_00001045_08,3000.0,accepted,ok,,sd300c_roll_self_00001045_08,3000.0,accepted,ok,
446,00001045,9,sd300c_plain_self_00001045_09,3001.0,accepted,ok,,sd300c_roll_self_00001045_09,3000.0,accepted,ok,
447,00001046,1,sd300c_plain_self_00001046_01,3000.0,accepted,ok,,sd300c_roll_self_00001046_01,3000.0,accepted,ok,
448,00001046,2,sd300c_plain_self_00001046_02,3000.0,accepted,ok,,sd300c_roll_self_00001046_02,3000.0,accepted,ok,
449,00001046,3,sd300c_plain_self_00001046_03,3000.0,accepted,ok,,sd300c_roll_self_00001046_03,3000.0,accepted,ok,
450,00001046,4,sd300c_plain_self_00001046_04,3000.0,accepted,ok,,sd300c_roll_self_00001046_04,3000.0,accepted,ok,
451,00001046,5,sd300c_plain_self_00001046_05,3000.0,accepted,ok,,sd300c_roll_self_00001046_05,3000.0,accepted,ok,
452,00001046,6,sd300c_plain_self_00001046_06,3001.0,accepted,ok,,sd300c_roll_self_00001046_06,3000.0,accepted,ok,
453,00001046,7,sd300c_plain_self_00001046_07,3000.0,accepted,ok,,sd300c_roll_self_00001046_07,3001.0,accepted,ok,
454,00001046,8,sd300c_plain_self_00001046_08,3000.0,accepted,ok,,sd300c_roll_self_00001046_08,3000.0,accepted,ok,
455,00001046,9,sd300c_plain_self_00001046_09,3000.0,accepted,ok,,sd300c_roll_self_00001046_09,3000.0,accepted,ok,
456,00001046,10,sd300c_plain_self_00001046_10,3000.0,accepted,ok,,sd300c_roll_self_00001046_10,3000.0,accepted,ok,
457,00001047,1,sd300c_plain_self_00001047_01,3000.0,accepted,ok,,sd300c_roll_self_00001047_01,3000.0,accepted,ok,
458,00001047,3,sd300c_plain_self_00001047_03,3001.0,accepted,ok,,sd300c_roll_self_00001047_03,3000.0,accepted,ok,
459,00001047,4,sd300c_plain_self_00001047_04,3000.0,accepted,ok,,sd300c_roll_self_00001047_04,3000.0,accepted,ok,
460,00001047,5,sd300c_plain_self_00001047_05,3000.0,accepted,ok,,sd300c_roll_self_00001047_05,3000.0,accepted,ok,
461,00001047,6,sd300c_plain_self_00001047_06,3000.0,accepted,ok,,sd300c_roll_self_00001047_06,3000.0,accepted,ok,
462,00001047,7,sd300c_plain_self_00001047_07,3000.0,accepted,ok,,sd300c_roll_self_00001047_07,3000.0,accepted,ok,
463,00001047,8,sd300c_plain_self_00001047_08,3001.0,accepted,ok,,sd300c_roll_self_00001047_08,3000.0,accepted,ok,
464,00001047,9,sd300c_plain_self_00001047_09,3000.0,accepted,ok,,sd300c_roll_self_00001047_09,3001.0,accepted,ok,
465,00001047,10,sd300c_plain_self_00001047_10,1344.0,accepted,ok,,sd300c_roll_self_00001047_10,3001.0,accepted,ok,
466,00001048,1,sd300c_plain_self_00001048_01,3001.0,accepted,ok,,sd300c_roll_self_00001048_01,3000.0,accepted,ok,
467,00001048,2,sd300c_plain_self_00001048_02,3000.0,accepted,ok,,sd300c_roll_self_00001048_02,3000.0,accepted,ok,
468,00001048,3,sd300c_plain_self_00001048_03,3000.0,accepted,ok,,sd300c_roll_self_00001048_03,3001.0,accepted,ok,
469,00001048,4,sd300c_plain_self_00001048_04,3001.0,accepted,ok,,sd300c_roll_self_00001048_04,3001.0,accepted,ok,
470,00001048,5,sd300c_plain_self_00001048_05,847.0,accepted,ok,,sd300c_roll_self_00001048_05,3000.0,accepted,ok,
471,00001048,6,sd300c_plain_self_00001048_06,3001.0,accepted,ok,,sd300c_roll_self_00001048_06,3001.0,accepted,ok,
472,00001048,7,sd300c_plain_self_00001048_07,3002.0,accepted,ok,,sd300c_roll_self_00001048_07,3001.0,accepted,ok,
473,00001048,8,sd300c_plain_self_00001048_08,3000.0,accepted,ok,,sd300c_roll_self_00001048_08,3000.0,accepted,ok,
474,00001048,9,sd300c_plain_self_00001048_09,3000.0,accepted,ok,,sd300c_roll_self_00001048_09,3000.0,accepted,ok,
475,00001048,10,sd300c_plain_self_00001048_10,3000.0,accepted,ok,,sd300c_roll_self_00001048_10,3000.0,accepted,ok,
476,00001049,1,sd300c_plain_self_00001049_01,3000.0,accepted,ok,,sd300c_roll_self_00001049_01,3000.0,accepted,ok,
477,00001049,2,sd300c_plain_self_00001049_02,3000.0,accepted,ok,,sd300c_roll_self_00001049_02,3000.0,accepted,ok,
478,00001049,3,sd300c_plain_self_00001049_03,3000.0,accepted,ok,,sd300c_roll_self_00001049_03,3000.0,accepted,ok,
479,00001049,4,sd300c_plain_self_00001049_04,3000.0,accepted,ok,,sd300c_roll_self_00001049_04,3001.0,accepted,ok,
480,00001049,5,sd300c_plain_self_00001049_05,3000.0,accepted,ok,,sd300c_roll_self_00001049_05,3000.0,accepted,ok,
481,00001049,6,sd300c_plain_self_00001049_06,3000.0,accepted,ok,,sd300c_roll_self_00001049_06,3000.0,accepted,ok,
482,00001049,7,sd300c_plain_self_00001049_07,3000.0,accepted,ok,,sd300c_roll_self_00001049_07,3000.0,accepted,ok,
483,00001049,8,sd300c_plain_self_00001049_08,3000.0,accepted,ok,,sd300c_roll_self_00001049_08,3000.0,accepted,ok,
484,00001049,9,sd300c_plain_self_00001049_09,3000.0,accepted,ok,,sd300c_roll_self_00001049_09,3000.0,accepted,ok,
485,00001049,10,sd300c_plain_self_00001049_10,3000.0,accepted,ok,,sd300c_roll_self_00001049_10,3000.0,accepted,ok,
486,00001050,1,sd300c_plain_self_00001050_01,3000.0,accepted,ok,,sd300c_roll_self_00001050_01,3000.0,accepted,ok,
487,00001050,2,sd300c_plain_self_00001050_02,2123.0,accepted,ok,,sd300c_roll_self_00001050_02,3000.0,accepted,ok,
488,00001050,3,sd300c_plain_self_00001050_03,2026.0,accepted,ok,,sd300c_roll_self_00001050_03,3000.0,accepted,ok,
489,00001050,4,sd300c_plain_self_00001050_04,1693.0,accepted,ok,,sd300c_roll_self_00001050_04,3000.0,accepted,ok,
490,00001050,5,sd300c_plain_self_00001050_05,548.0,accepted,ok,,sd300c_roll_self_00001050_05,3000.0,accepted,ok,
491,00001050,6,sd300c_plain_self_00001050_06,2600.0,accepted,ok,,sd300c_roll_self_00001050_06,3001.0,accepted,ok,
492,00001051,1,sd300c_plain_self_00001051_01,3001.0,accepted,ok,,sd300c_roll_self_00001051_01,3000.0,accepted,ok,
493,00001051,4,sd300c_plain_self_00001051_04,1992.0,accepted,ok,,sd300c_roll_self_00001051_04,3000.0,accepted,ok,
494,00001051,5,sd300c_plain_self_00001051_05,1822.0,accepted,ok,,sd300c_roll_self_00001051_05,3000.0,accepted,ok,
495,00001051,6,sd300c_plain_self_00001051_06,3000.0,accepted,ok,,sd300c_roll_self_00001051_06,3000.0,accepted,ok,
496,00001051,7,sd300c_plain_self_00001051_07,3000.0,accepted,ok,,sd300c_roll_self_00001051_07,3000.0,accepted,ok,
497,00001051,8,sd300c_plain_self_00001051_08,3001.0,accepted,ok,,sd300c_roll_self_00001051_08,3000.0,accepted,ok,
498,00001051,9,sd300c_plain_self_00001051_09,3000.0,accepted,ok,,sd300c_roll_self_00001051_09,3002.0,accepted,ok,
499,00001051,10,sd300c_plain_self_00001051_10,3000.0,accepted,ok,,sd300c_roll_self_00001051_10,3001.0,accepted,ok,
500,00001052,1,sd300c_plain_self_00001052_01,3000.0,accepted,ok,,sd300c_roll_self_00001052_01,3000.0,accepted,ok,
