pair_id,dataset,protocol,label,score_mode,reference_score,selected_score,score_delta_selected_minus_reference,reference_accepted,selected_accepted,decision_agreement,reference_accept_selected_reject,reference_reject_selected_accept,reference_zero_selected_positive,reference_positive_selected_zero,reference_geometry_success,selected_geometry_success,latency_delta_ms,keypoint_delta_a,keypoint_delta_b,match_count_delta,inlier_count_delta
pilot_genuine_sd300b_plain_roll_00001210_06,sd300b,plain_roll,1,geometric_inlier_count,17.0,8.0,-9.0,True,True,True,False,False,False,False,True,True,282.9478,-1.0,0.0,-32.0,-9.0
pilot_genuine_sd300b_plain_roll_00001227_08,sd300b,plain_roll,1,geometric_inlier_count,16.0,7.0,-9.0,True,True,True,False,False,False,False,True,True,206.5302,1.0,0.0,-26.0,-9.0
pilot_genuine_sd300b_plain_roll_00001394_02,sd300b,plain_roll,1,geometric_inlier_count,15.0,6.0,-9.0,True,True,True,False,False,False,False,True,True,172.53070000000002,0.0,0.0,-30.0,-9.0
pilot_genuine_sd300b_plain_roll_00001454_06,sd300b,plain_roll,1,geometric_inlier_count,7.0,7.0,0.0,False,True,False,False,True,False,False,True,True,277.15729999999996,0.0,0.0,-15.0,0.0
pilot_genuine_sd300b_plain_roll_00001454_07,sd300b,plain_roll,1,geometric_inlier_count,12.0,4.0,-8.0,True,True,True,False,False,False,False,True,True,185.81550000000001,0.0,1.0,-22.0,-8.0
pilot_genuine_sd300b_plain_roll_00001530_01,sd300b,plain_roll,1,geometric_inlier_count,5.0,3.0,-2.0,False,False,True,False,False,False,False,True,True,276.9507,0.0,1.0,-8.0,-2.0
pilot_genuine_sd300b_plain_roll_00001530_05,sd300b,plain_roll,1,geometric_inlier_count,3.0,0.0,-3.0,False,False,True,False,False,False,True,True,False,172.4747,-1816.0,0.0,-7.0,-3.0
pilot_genuine_sd300b_plain_roll_00001585_10,sd300b,plain_roll,1,geometric_inlier_count,9.0,3.0,-6.0,False,False,True,False,False,False,False,True,True,217.75220000000002,-46.0,0.0,-23.0,-6.0
pilot_genuine_sd300b_plain_roll_00001701_05,sd300b,plain_roll,1,geometric_inlier_count,6.0,6.0,0.0,False,True,False,False,True,False,False,True,True,176.6012,-287.0,0.0,-16.0,0.0
pilot_genuine_sd300b_plain_roll_00001747_01,sd300b,plain_roll,1,geometric_inlier_count,4.0,2.0,-2.0,False,False,True,False,False,False,False,True,True,306.58169999999996,0.0,-1.0,-21.0,-2.0
pilot_genuine_sd300b_plain_roll_00001776_07,sd300b,plain_roll,1,geometric_inlier_count,19.0,3.0,-16.0,True,False,False,True,False,False,False,True,True,180.23219999999998,0.0,0.0,-33.0,-16.0
pilot_genuine_sd300b_plain_roll_00001777_07,sd300b,plain_roll,1,geometric_inlier_count,6.0,2.0,-4.0,False,False,True,False,False,False,False,True,True,170.23219999999998,-1.0,0.0,-37.0,-4.0
pilot_genuine_sd300b_plain_self_00001006_05,sd300b,plain_self,1,geometric_inlier_count,3000.0,3000.0,0.0,True,True,True,False,False,False,False,True,True,9.05880000000002,0.0,0.0,0.0,0.0
pilot_genuine_sd300b_plain_self_00001207_03,sd300b,plain_self,1,geometric_inlier_count,3000.0,3000.0,0.0,True,True,True,False,False,False,False,True,True,8.411599999999993,0.0,0.0,0.0,0.0
pilot_genuine_sd300b_plain_self_00001272_02,sd300b,plain_self,1,geometric_inlier_count,3000.0,3000.0,0.0,True,True,True,False,False,False,False,True,True,4.207799999999992,0.0,0.0,0.0,0.0
pilot_genuine_sd300b_plain_self_00001338_02,sd300b,plain_self,1,geometric_inlier_count,3001.0,3000.0,-1.0,True,True,True,False,False,False,False,True,True,10.039900000000017,-1.0,-1.0,-1.0,-1.0
pilot_genuine_sd300b_plain_self_00001344_02,sd300b,plain_self,1,geometric_inlier_count,3000.0,3001.0,1.0,True,True,True,False,False,False,False,True,True,17.91069999999999,1.0,1.0,1.0,1.0
pilot_genuine_sd300b_plain_self_00001602_03,sd300b,plain_self,1,geometric_inlier_count,3000.0,3000.0,0.0,True,True,True,False,False,False,False,True,True,65.1893,0.0,0.0,0.0,0.0
pilot_genuine_sd300b_plain_self_00001622_01,sd300b,plain_self,1,geometric_inlier_count,3000.0,3000.0,0.0,True,True,True,False,False,False,False,True,True,175.7179,0.0,0.0,0.0,0.0
pilot_genuine_sd300b_plain_self_00001638_06,sd300b,plain_self,1,geometric_inlier_count,2975.0,3000.0,25.0,True,True,True,False,False,False,False,True,True,221.5761,25.0,25.0,25.0,25.0
pilot_genuine_sd300b_plain_self_00001676_02,sd300b,plain_self,1,geometric_inlier_count,3000.0,3000.0,0.0,True,True,True,False,False,False,False,True,True,35.09219999999999,0.0,0.0,0.0,0.0
pilot_genuine_sd300b_plain_self_00001705_05,sd300b,plain_self,1,geometric_inlier_count,3000.0,3000.0,0.0,True,True,True,False,False,False,False,True,True,23.7783,0.0,0.0,0.0,0.0
pilot_genuine_sd300b_plain_self_00001783_10,sd300b,plain_self,1,geometric_inlier_count,3000.0,3000.0,0.0,True,True,True,False,False,False,False,True,True,31.72800000000001,0.0,0.0,0.0,0.0
pilot_genuine_sd300b_plain_self_00001845_01,sd300b,plain_self,1,geometric_inlier_count,3001.0,3000.0,-1.0,True,True,True,False,False,False,False,True,True,213.1735,-1.0,-1.0,-1.0,-1.0
pilot_genuine_sd300b_roll_self_00001032_10,sd300b,roll_self,1,geometric_inlier_count,3001.0,3000.0,-1.0,True,True,True,False,False,False,False,True,True,374.03950000000003,-1.0,-1.0,-1.0,-1.0
pilot_genuine_sd300b_roll_self_00001144_02,sd300b,roll_self,1,geometric_inlier_count,3001.0,3000.0,-1.0,True,True,True,False,False,False,False,True,True,384.82099999999997,-1.0,-1.0,-1.0,-1.0
pilot_genuine_sd300b_roll_self_00001144_05,sd300b,roll_self,1,geometric_inlier_count,3000.0,3000.0,0.0,True,True,True,False,False,False,False,True,True,397.9557,0.0,0.0,0.0,0.0
pilot_genuine_sd300b_roll_self_00001467_09,sd300b,roll_self,1,geometric_inlier_count,3000.0,3000.0,0.0,True,True,True,False,False,False,False,True,True,404.1947,0.0,0.0,0.0,0.0
pilot_genuine_sd300b_roll_self_00001475_03,sd300b,roll_self,1,geometric_inlier_count,3001.0,3000.0,-1.0,True,True,True,False,False,False,False,True,True,338.43309999999997,-1.0,-1.0,-1.0,-1.0
pilot_genuine_sd300b_roll_self_00001495_02,sd300b,roll_self,1,geometric_inlier_count,3000.0,3000.0,0.0,True,True,True,False,False,False,False,True,True,360.85209999999995,0.0,0.0,0.0,0.0
pilot_genuine_sd300b_roll_self_00001511_10,sd300b,roll_self,1,geometric_inlier_count,3002.0,3000.0,-2.0,True,True,True,False,False,False,False,True,True,384.7224,-2.0,-2.0,-2.0,-2.0
pilot_genuine_sd300b_roll_self_00001608_02,sd300b,roll_self,1,geometric_inlier_count,3001.0,3001.0,0.0,True,True,True,False,False,False,False,True,True,365.475,0.0,0.0,0.0,0.0
pilot_genuine_sd300b_roll_self_00001667_10,sd300b,roll_self,1,geometric_inlier_count,3000.0,3002.0,2.0,True,True,True,False,False,False,False,True,True,388.2301,2.0,2.0,2.0,2.0
pilot_genuine_sd300b_roll_self_00001764_10,sd300b,roll_self,1,geometric_inlier_count,3000.0,3000.0,0.0,True,True,True,False,False,False,False,True,True,373.26980000000003,0.0,0.0,0.0,0.0
pilot_genuine_sd300b_roll_self_00001777_06,sd300b,roll_self,1,geometric_inlier_count,3000.0,3000.0,0.0,True,True,True,False,False,False,False,True,True,396.9174,0.0,0.0,0.0,0.0
pilot_genuine_sd300b_roll_self_00001789_06,sd300b,roll_self,1,geometric_inlier_count,3000.0,3000.0,0.0,True,True,True,False,False,False,False,True,True,393.996,0.0,0.0,0.0,0.0
pilot_genuine_sd300c_plain_roll_00001008_01,sd300c,plain_roll,1,geometric_inlier_count,12.0,13.0,1.0,True,True,True,False,False,False,False,True,True,1516.749,0.0,-1.0,-27.0,1.0
pilot_genuine_sd300c_plain_roll_00001070_07,sd300c,plain_roll,1,geometric_inlier_count,5.0,2.0,-3.0,False,False,True,False,False,False,False,True,True,1031.3081,0.0,0.0,-12.0,-3.0
pilot_genuine_sd300c_plain_roll_00001103_05,sd300c,plain_roll,1,geometric_inlier_count,4.0,0.0,-4.0,False,False,True,False,False,False,True,True,False,906.6315,-1985.0,1.0,-14.0,-4.0
pilot_genuine_sd300c_plain_roll_00001103_07,sd300c,plain_roll,1,geometric_inlier_count,22.0,7.0,-15.0,True,True,True,False,False,False,False,True,True,1000.7391000000001,0.0,0.0,-24.0,-15.0
pilot_genuine_sd300c_plain_roll_00001168_02,sd300c,plain_roll,1,geometric_inlier_count,15.0,13.0,-2.0,True,True,True,False,False,False,False,True,True,1039.4942,0.0,0.0,-28.0,-2.0
pilot_genuine_sd300c_plain_roll_00001182_10,sd300c,plain_roll,1,geometric_inlier_count,3.0,0.0,-3.0,False,False,True,False,False,False,True,True,False,868.2829999999999,-1442.0,0.0,-2.0,-3.0
pilot_genuine_sd300c_plain_roll_00001201_09,sd300c,plain_roll,1,geometric_inlier_count,6.0,2.0,-4.0,False,False,True,False,False,False,False,True,True,1195.9819,0.0,1.0,-31.0,-4.0
pilot_genuine_sd300c_plain_roll_00001209_03,sd300c,plain_roll,1,geometric_inlier_count,15.0,5.0,-10.0,True,True,True,False,False,False,False,True,True,956.8226,0.0,0.0,-35.0,-10.0
pilot_genuine_sd300c_plain_roll_00001406_04,sd300c,plain_roll,1,geometric_inlier_count,82.0,27.0,-55.0,True,True,True,False,False,False,False,True,True,1023.0834000000001,0.0,1.0,-63.0,-55.0
pilot_genuine_sd300c_plain_roll_00001837_05,sd300c,plain_roll,1,geometric_inlier_count,9.0,2.0,-7.0,False,False,True,False,False,False,False,True,True,1066.0429000000001,-1.0,-1.0,-26.0,-7.0
pilot_genuine_sd300c_plain_roll_00001850_03,sd300c,plain_roll,1,geometric_inlier_count,6.0,5.0,-1.0,False,True,False,False,True,False,False,True,True,1035.6992,0.0,-1.0,-20.0,-1.0
pilot_genuine_sd300c_plain_roll_00001861_03,sd300c,plain_roll,1,geometric_inlier_count,5.0,2.0,-3.0,False,False,True,False,False,False,False,True,True,889.8507,-99.0,0.0,-25.0,-3.0
pilot_genuine_sd300c_plain_self_00001005_08,sd300c,plain_self,1,geometric_inlier_count,3000.0,3000.0,0.0,True,True,True,False,False,False,False,True,True,335.714,0.0,0.0,0.0,0.0
pilot_genuine_sd300c_plain_self_00001198_05,sd300c,plain_self,1,geometric_inlier_count,3000.0,3000.0,0.0,True,True,True,False,False,False,False,True,True,374.33990000000006,0.0,0.0,0.0,0.0
pilot_genuine_sd300c_plain_self_00001229_06,sd300c,plain_self,1,geometric_inlier_count,3002.0,3000.0,-2.0,True,True,True,False,False,False,False,True,True,1365.3316,-2.0,-2.0,-2.0,-2.0
pilot_genuine_sd300c_plain_self_00001233_01,sd300c,plain_self,1,geometric_inlier_count,3000.0,3000.0,0.0,True,True,True,False,False,False,False,True,True,1101.5903,0.0,0.0,0.0,0.0
pilot_genuine_sd300c_plain_self_00001441_03,sd300c,plain_self,1,geometric_inlier_count,3000.0,3001.0,1.0,True,True,True,False,False,False,False,True,True,390.9785999999999,1.0,1.0,1.0,1.0
pilot_genuine_sd300c_plain_self_00001454_03,sd300c,plain_self,1,geometric_inlier_count,3000.0,3000.0,0.0,True,True,True,False,False,False,False,True,True,374.9982,0.0,0.0,0.0,0.0
pilot_genuine_sd300c_plain_self_00001476_08,sd300c,plain_self,1,geometric_inlier_count,3000.0,3000.0,0.0,True,True,True,False,False,False,False,True,True,292.0913,0.0,0.0,0.0,0.0
pilot_genuine_sd300c_plain_self_00001518_06,sd300c,plain_self,1,geometric_inlier_count,3001.0,3001.0,0.0,True,True,True,False,False,False,False,True,True,996.9720000000001,0.0,0.0,0.0,0.0
pilot_genuine_sd300c_plain_self_00001530_01,sd300c,plain_self,1,geometric_inlier_count,3000.0,3000.0,0.0,True,True,True,False,False,False,False,True,True,964.5013,0.0,0.0,0.0,0.0
pilot_genuine_sd300c_plain_self_00001544_03,sd300c,plain_self,1,geometric_inlier_count,3000.0,1791.0,-1209.0,True,True,True,False,False,False,False,True,True,94.18670000000003,-1209.0,-1209.0,-1209.0,-1209.0
pilot_genuine_sd300c_plain_self_00001568_03,sd300c,plain_self,1,geometric_inlier_count,3000.0,3000.0,0.0,True,True,True,False,False,False,False,True,True,159.4171,0.0,0.0,0.0,0.0
pilot_genuine_sd300c_plain_self_00001721_01,sd300c,plain_self,1,geometric_inlier_count,3000.0,3001.0,1.0,True,True,True,False,False,False,False,True,True,1055.7534999999998,1.0,1.0,1.0,1.0
pilot_genuine_sd300c_roll_self_00001006_05,sd300c,roll_self,1,geometric_inlier_count,3000.0,3000.0,0.0,True,True,True,False,False,False,False,True,True,1824.9507999999998,0.0,0.0,0.0,0.0
pilot_genuine_sd300c_roll_self_00001070_01,sd300c,roll_self,1,geometric_inlier_count,3000.0,3000.0,0.0,True,True,True,False,False,False,False,True,True,1873.9825,0.0,0.0,0.0,0.0
pilot_genuine_sd300c_roll_self_00001082_03,sd300c,roll_self,1,geometric_inlier_count,3000.0,3000.0,0.0,True,True,True,False,False,False,False,True,True,2028.7657000000002,0.0,0.0,0.0,0.0
pilot_genuine_sd300c_roll_self_00001114_09,sd300c,roll_self,1,geometric_inlier_count,3000.0,3000.0,0.0,True,True,True,False,False,False,False,True,True,1974.1549,0.0,0.0,0.0,0.0
pilot_genuine_sd300c_roll_self_00001168_06,sd300c,roll_self,1,geometric_inlier_count,3001.0,3001.0,0.0,True,True,True,False,False,False,False,True,True,1977.5477999999998,0.0,0.0,0.0,0.0
pilot_genuine_sd300c_roll_self_00001429_06,sd300c,roll_self,1,geometric_inlier_count,3000.0,3001.0,1.0,True,True,True,False,False,False,False,True,True,1889.6809,1.0,1.0,1.0,1.0
pilot_genuine_sd300c_roll_self_00001526_04,sd300c,roll_self,1,geometric_inlier_count,3000.0,3000.0,0.0,True,True,True,False,False,False,False,True,True,1969.3713,0.0,0.0,0.0,0.0
pilot_genuine_sd300c_roll_self_00001547_08,sd300c,roll_self,1,geometric_inlier_count,3000.0,3000.0,0.0,True,True,True,False,False,False,False,True,True,1866.4697,0.0,0.0,0.0,0.0
pilot_genuine_sd300c_roll_self_00001581_05,sd300c,roll_self,1,geometric_inlier_count,3000.0,3000.0,0.0,True,True,True,False,False,False,False,True,True,1803.3211999999999,0.0,0.0,0.0,0.0
pilot_genuine_sd300c_roll_self_00001585_09,sd300c,roll_self,1,geometric_inlier_count,3001.0,3001.0,0.0,True,True,True,False,False,False,False,True,True,1865.3945999999999,0.0,0.0,0.0,0.0
pilot_genuine_sd300c_roll_self_00001609_06,sd300c,roll_self,1,geometric_inlier_count,3000.0,3000.0,0.0,True,True,True,False,False,False,False,True,True,1211.9532000000002,0.0,0.0,0.0,0.0
pilot_genuine_sd300c_roll_self_00001777_09,sd300c,roll_self,1,geometric_inlier_count,3000.0,3000.0,0.0,True,True,True,False,False,False,False,True,True,1705.8053,0.0,0.0,0.0,0.0
pilot_impostor_sd300b_00001,sd300b,impostor_sanity,0,geometric_inlier_count,3.0,0.0,-3.0,False,False,True,False,False,False,True,True,False,163.74290000000002,0.0,-1.0,-5.0,-3.0
pilot_impostor_sd300b_00002,sd300b,impostor_sanity,0,geometric_inlier_count,4.0,0.0,-4.0,False,False,True,False,False,False,True,True,False,185.12819999999996,1.0,1.0,-27.0,-4.0
pilot_impostor_sd300b_00003,sd300b,impostor_sanity,0,geometric_inlier_count,5.0,0.0,-5.0,False,False,True,False,False,False,True,True,False,208.3569,0.0,0.0,-18.0,-5.0
pilot_impostor_sd300b_00004,sd300b,impostor_sanity,0,geometric_inlier_count,4.0,0.0,-4.0,False,False,True,False,False,False,True,True,False,185.48409999999998,-1.0,0.0,-23.0,-4.0
pilot_impostor_sd300b_00005,sd300b,impostor_sanity,0,geometric_inlier_count,5.0,0.0,-5.0,False,False,True,False,False,False,True,True,False,234.42989999999998,0.0,0.0,-42.0,-5.0
pilot_impostor_sd300b_00006,sd300b,impostor_sanity,0,geometric_inlier_count,5.0,3.0,-2.0,False,False,True,False,False,False,False,True,True,230.6442,0.0,0.0,-28.0,-2.0
pilot_impostor_sd300b_00007,sd300b,impostor_sanity,0,geometric_inlier_count,4.0,2.0,-2.0,False,False,True,False,False,False,False,True,True,284.55060000000003,0.0,0.0,-11.0,-2.0
pilot_impostor_sd300b_00008,sd300b,impostor_sanity,0,geometric_inlier_count,3.0,0.0,-3.0,False,False,True,False,False,False,True,True,False,148.03529999999998,0.0,1.0,-3.0,-3.0
pilot_impostor_sd300b_00009,sd300b,impostor_sanity,0,geometric_inlier_count,4.0,0.0,-4.0,False,False,True,False,False,False,True,True,False,168.9036,0.0,0.0,-15.0,-4.0
pilot_impostor_sd300b_00010,sd300b,impostor_sanity,0,geometric_inlier_count,4.0,0.0,-4.0,False,False,True,False,False,False,True,True,False,156.81249999999997,-2668.0,0.0,-32.0,-4.0
pilot_impostor_sd300b_00011,sd300b,impostor_sanity,0,geometric_inlier_count,5.0,0.0,-5.0,False,False,True,False,False,False,True,True,False,174.3074,-2071.0,0.0,-14.0,-5.0
pilot_impostor_sd300b_00012,sd300b,impostor_sanity,0,geometric_inlier_count,5.0,0.0,-5.0,False,False,True,False,False,False,True,True,False,204.99830000000003,0.0,0.0,-30.0,-5.0
pilot_impostor_sd300b_00013,sd300b,impostor_sanity,0,geometric_inlier_count,4.0,2.0,-2.0,False,False,True,False,False,False,False,True,True,291.8509,0.0,0.0,-3.0,-2.0
pilot_impostor_sd300b_00014,sd300b,impostor_sanity,0,geometric_inlier_count,11.0,0.0,-11.0,True,False,False,True,False,False,True,True,False,219.69260000000003,0.0,0.0,-70.0,-11.0
pilot_impostor_sd300b_00015,sd300b,impostor_sanity,0,geometric_inlier_count,3.0,0.0,-3.0,False,False,True,False,False,False,True,True,False,196.644,0.0,-1.0,-17.0,-3.0
pilot_impostor_sd300b_00016,sd300b,impostor_sanity,0,geometric_inlier_count,3.0,0.0,-3.0,False,False,True,False,False,False,True,True,False,217.41289999999998,1.0,-1.0,-6.0,-3.0
pilot_impostor_sd300b_00017,sd300b,impostor_sanity,0,geometric_inlier_count,3.0,2.0,-1.0,False,False,True,False,False,False,False,True,True,165.16800000000003,0.0,0.0,-16.0,-1.0
pilot_impostor_sd300b_00018,sd300b,impostor_sanity,0,geometric_inlier_count,3.0,0.0,-3.0,False,False,True,False,False,False,True,True,False,201.261,0.0,0.0,-14.0,-3.0
pilot_impostor_sd300b_00019,sd300b,impostor_sanity,0,geometric_inlier_count,4.0,2.0,-2.0,False,False,True,False,False,False,False,True,True,176.89749999999998,-213.0,-1.0,-17.0,-2.0
pilot_impostor_sd300b_00020,sd300b,impostor_sanity,0,geometric_inlier_count,3.0,0.0,-3.0,False,False,True,False,False,False,True,True,False,216.51870000000002,0.0,0.0,-15.0,-3.0
pilot_impostor_sd300b_00021,sd300b,impostor_sanity,0,geometric_inlier_count,3.0,2.0,-1.0,False,False,True,False,False,False,False,True,True,206.129,0.0,0.0,-8.0,-1.0
pilot_impostor_sd300b_00022,sd300b,impostor_sanity,0,geometric_inlier_count,8.0,4.0,-4.0,False,True,False,False,True,False,False,True,True,267.5019,0.0,0.0,-21.0,-4.0
pilot_impostor_sd300b_00023,sd300b,impostor_sanity,0,geometric_inlier_count,3.0,2.0,-1.0,False,False,True,False,False,False,False,True,True,172.6099,1.0,0.0,-8.0,-1.0
pilot_impostor_sd300b_00024,sd300b,impostor_sanity,0,geometric_inlier_count,5.0,2.0,-3.0,False,False,True,False,False,False,False,True,True,255.02050000000003,0.0,0.0,-19.0,-3.0
pilot_impostor_sd300b_00025,sd300b,impostor_sanity,0,geometric_inlier_count,5.0,0.0,-5.0,False,False,True,False,False,False,True,True,False,231.3934,0.0,1.0,-50.0,-5.0
pilot_impostor_sd300b_00026,sd300b,impostor_sanity,0,geometric_inlier_count,3.0,2.0,-1.0,False,False,True,False,False,False,False,True,True,203.798,-575.0,-1.0,-11.0,-1.0
pilot_impostor_sd300b_00027,sd300b,impostor_sanity,0,geometric_inlier_count,4.0,2.0,-2.0,False,False,True,False,False,False,False,True,True,217.3101,-216.0,0.0,-11.0,-2.0
pilot_impostor_sd300b_00028,sd300b,impostor_sanity,0,geometric_inlier_count,6.0,3.0,-3.0,False,False,True,False,False,False,False,True,True,204.4402,0.0,-1.0,-23.0,-3.0
pilot_impostor_sd300b_00029,sd300b,impostor_sanity,0,geometric_inlier_count,3.0,0.0,-3.0,False,False,True,False,False,False,True,True,False,179.10009999999997,-535.0,0.0,-6.0,-3.0
pilot_impostor_sd300b_00030,sd300b,impostor_sanity,0,geometric_inlier_count,3.0,0.0,-3.0,False,False,True,False,False,False,True,True,False,230.05790000000002,0.0,1.0,-16.0,-3.0
pilot_impostor_sd300b_00031,sd300b,impostor_sanity,0,geometric_inlier_count,3.0,0.0,-3.0,False,False,True,False,False,False,True,True,False,150.78820000000002,-713.0,0.0,-9.0,-3.0
pilot_impostor_sd300b_00032,sd300b,impostor_sanity,0,geometric_inlier_count,0.0,0.0,0.0,False,False,True,False,False,False,False,False,False,137.1942,-857.0,-1.0,-37.0,0.0
pilot_impostor_sd300b_00033,sd300b,impostor_sanity,0,geometric_inlier_count,3.0,0.0,-3.0,False,False,True,False,False,False,True,True,False,219.7452,-690.0,0.0,-5.0,-3.0
pilot_impostor_sd300b_00034,sd300b,impostor_sanity,0,geometric_inlier_count,3.0,0.0,-3.0,False,False,True,False,False,False,True,True,False,207.15410000000003,0.0,0.0,-15.0,-3.0
pilot_impostor_sd300b_00035,sd300b,impostor_sanity,0,geometric_inlier_count,4.0,0.0,-4.0,False,False,True,False,False,False,True,True,False,272.1345,0.0,1.0,-10.0,-4.0
pilot_impostor_sd300b_00036,sd300b,impostor_sanity,0,geometric_inlier_count,4.0,3.0,-1.0,False,False,True,False,False,False,False,True,True,256.0516,-1.0,1.0,-16.0,-1.0
pilot_impostor_sd300b_00037,sd300b,impostor_sanity,0,geometric_inlier_count,3.0,0.0,-3.0,False,False,True,False,False,False,True,True,False,152.82969999999997,0.0,0.0,-14.0,-3.0
pilot_impostor_sd300b_00038,sd300b,impostor_sanity,0,geometric_inlier_count,3.0,0.0,-3.0,False,False,True,False,False,False,True,True,False,216.6528,0.0,-1.0,-12.0,-3.0
pilot_impostor_sd300b_00039,sd300b,impostor_sanity,0,geometric_inlier_count,8.0,0.0,-8.0,False,False,True,False,False,False,True,True,False,318.42929999999996,-1.0,-1.0,-45.0,-8.0
pilot_impostor_sd300b_00040,sd300b,impostor_sanity,0,geometric_inlier_count,5.0,0.0,-5.0,False,False,True,False,False,False,True,True,False,275.2214,0.0,0.0,-14.0,-5.0
pilot_impostor_sd300b_00041,sd300b,impostor_sanity,0,geometric_inlier_count,3.0,0.0,-3.0,False,False,True,False,False,False,True,True,False,158.72620000000003,-1836.0,0.0,-10.0,-3.0
pilot_impostor_sd300b_00042,sd300b,impostor_sanity,0,geometric_inlier_count,5.0,0.0,-5.0,False,False,True,False,False,False,True,True,False,256.9615,0.0,0.0,-25.0,-5.0
pilot_impostor_sd300b_00043,sd300b,impostor_sanity,0,geometric_inlier_count,3.0,0.0,-3.0,False,False,True,False,False,False,True,True,False,194.79290000000003,0.0,-1.0,-13.0,-3.0
pilot_impostor_sd300b_00044,sd300b,impostor_sanity,0,geometric_inlier_count,4.0,0.0,-4.0,False,False,True,False,False,False,True,True,False,212.60820000000004,1.0,1.0,-34.0,-4.0
pilot_impostor_sd300b_00045,sd300b,impostor_sanity,0,geometric_inlier_count,3.0,0.0,-3.0,False,False,True,False,False,False,True,True,False,140.6669,-1266.0,0.0,-18.0,-3.0
pilot_impostor_sd300b_00046,sd300b,impostor_sanity,0,geometric_inlier_count,3.0,3.0,0.0,False,False,True,False,False,False,False,True,True,158.4771,1.0,1.0,-8.0,0.0
pilot_impostor_sd300b_00047,sd300b,impostor_sanity,0,geometric_inlier_count,3.0,0.0,-3.0,False,False,True,False,False,False,True,True,False,142.2996,-1064.0,0.0,-15.0,-3.0
pilot_impostor_sd300b_00048,sd300b,impostor_sanity,0,geometric_inlier_count,3.0,0.0,-3.0,False,False,True,False,False,False,True,True,False,195.04720000000003,0.0,2.0,-12.0,-3.0
pilot_impostor_sd300b_00049,sd300b,impostor_sanity,0,geometric_inlier_count,5.0,2.0,-3.0,False,False,True,False,False,False,False,True,True,217.3807,0.0,0.0,-29.0,-3.0
pilot_impostor_sd300b_00050,sd300b,impostor_sanity,0,geometric_inlier_count,4.0,0.0,-4.0,False,False,True,False,False,False,True,True,False,247.43269999999998,0.0,0.0,-17.0,-4.0
pilot_impostor_sd300b_00051,sd300b,impostor_sanity,0,geometric_inlier_count,4.0,2.0,-2.0,False,False,True,False,False,False,False,True,True,226.35600000000002,0.0,0.0,-15.0,-2.0
pilot_impostor_sd300b_00052,sd300b,impostor_sanity,0,geometric_inlier_count,8.0,2.0,-6.0,False,False,True,False,False,False,False,True,True,323.2503,0.0,1.0,-24.0,-6.0
pilot_impostor_sd300b_00053,sd300b,impostor_sanity,0,geometric_inlier_count,3.0,0.0,-3.0,False,False,True,False,False,False,True,True,False,133.16409999999996,-1352.0,1.0,-6.0,-3.0
pilot_impostor_sd300b_00054,sd300b,impostor_sanity,0,geometric_inlier_count,4.0,0.0,-4.0,False,False,True,False,False,False,True,True,False,225.28929999999997,0.0,-1.0,-30.0,-4.0
pilot_impostor_sd300b_00055,sd300b,impostor_sanity,0,geometric_inlier_count,3.0,0.0,-3.0,False,False,True,False,False,False,True,True,False,208.7721,1.0,0.0,-15.0,-3.0
pilot_impostor_sd300b_00056,sd300b,impostor_sanity,0,geometric_inlier_count,5.0,3.0,-2.0,False,False,True,False,False,False,False,True,True,260.2472,1.0,0.0,-15.0,-2.0
pilot_impostor_sd300b_00057,sd300b,impostor_sanity,0,geometric_inlier_count,4.0,3.0,-1.0,False,False,True,False,False,False,False,True,True,192.76010000000002,-1.0,1.0,-12.0,-1.0
pilot_impostor_sd300b_00058,sd300b,impostor_sanity,0,geometric_inlier_count,3.0,0.0,-3.0,False,False,True,False,False,False,True,True,False,177.70780000000002,1.0,-1.0,-14.0,-3.0
pilot_impostor_sd300b_00059,sd300b,impostor_sanity,0,geometric_inlier_count,3.0,2.0,-1.0,False,False,True,False,False,False,False,True,True,248.0079,1.0,0.0,-6.0,-1.0
pilot_impostor_sd300b_00060,sd300b,impostor_sanity,0,geometric_inlier_count,4.0,0.0,-4.0,False,False,True,False,False,False,True,True,False,279.8117,0.0,0.0,-8.0,-4.0
pilot_impostor_sd300b_00061,sd300b,impostor_sanity,0,geometric_inlier_count,3.0,0.0,-3.0,False,False,True,False,False,False,True,True,False,249.85469999999998,-480.0,0.0,-8.0,-3.0
pilot_impostor_sd300b_00062,sd300b,impostor_sanity,0,geometric_inlier_count,5.0,3.0,-2.0,False,False,True,False,False,False,False,True,True,289.8438,0.0,1.0,-31.0,-2.0
pilot_impostor_sd300b_00063,sd300b,impostor_sanity,0,geometric_inlier_count,0.0,0.0,0.0,False,False,True,False,False,False,False,False,False,151.1749,-2190.0,0.0,-1.0,0.0
pilot_impostor_sd300b_00064,sd300b,impostor_sanity,0,geometric_inlier_count,5.0,0.0,-5.0,False,False,True,False,False,False,True,True,False,261.4511,-1.0,-1.0,-23.0,-5.0
pilot_impostor_sd300b_00065,sd300b,impostor_sanity,0,geometric_inlier_count,3.0,0.0,-3.0,False,False,True,False,False,False,True,True,False,190.9567,0.0,0.0,-10.0,-3.0
pilot_impostor_sd300b_00066,sd300b,impostor_sanity,0,geometric_inlier_count,3.0,0.0,-3.0,False,False,True,False,False,False,True,True,False,200.29240000000001,-1.0,0.0,-6.0,-3.0
pilot_impostor_sd300b_00067,sd300b,impostor_sanity,0,geometric_inlier_count,4.0,0.0,-4.0,False,False,True,False,False,False,True,True,False,172.1567,-1248.0,0.0,-25.0,-4.0
pilot_impostor_sd300b_00068,sd300b,impostor_sanity,0,geometric_inlier_count,4.0,0.0,-4.0,False,False,True,False,False,False,True,True,False,220.6245,-1.0,3.0,-12.0,-4.0
pilot_impostor_sd300b_00069,sd300b,impostor_sanity,0,geometric_inlier_count,4.0,0.0,-4.0,False,False,True,False,False,False,True,True,False,242.75239999999997,1.0,0.0,-16.0,-4.0
pilot_impostor_sd300b_00070,sd300b,impostor_sanity,0,geometric_inlier_count,7.0,0.0,-7.0,False,False,True,False,False,False,True,True,False,201.4443,-469.0,0.0,-34.0,-7.0
pilot_impostor_sd300b_00071,sd300b,impostor_sanity,0,geometric_inlier_count,3.0,0.0,-3.0,False,False,True,False,False,False,True,True,False,243.31540000000004,0.0,0.0,-18.0,-3.0
pilot_impostor_sd300b_00072,sd300b,impostor_sanity,0,geometric_inlier_count,3.0,0.0,-3.0,False,False,True,False,False,False,True,True,False,289.6061,-1.0,1.0,-6.0,-3.0
pilot_impostor_sd300b_00073,sd300b,impostor_sanity,0,geometric_inlier_count,4.0,2.0,-2.0,False,False,True,False,False,False,False,True,True,198.23700000000002,-174.0,0.0,-9.0,-2.0
pilot_impostor_sd300b_00074,sd300b,impostor_sanity,0,geometric_inlier_count,4.0,2.0,-2.0,False,False,True,False,False,False,False,True,True,283.6905,0.0,1.0,-6.0,-2.0
pilot_impostor_sd300b_00075,sd300b,impostor_sanity,0,geometric_inlier_count,5.0,0.0,-5.0,False,False,True,False,False,False,True,True,False,160.3829,0.0,1.0,-43.0,-5.0
pilot_impostor_sd300b_00076,sd300b,impostor_sanity,0,geometric_inlier_count,3.0,0.0,-3.0,False,False,True,False,False,False,True,True,False,163.80839999999998,0.0,0.0,-10.0,-3.0
pilot_impostor_sd300b_00077,sd300b,impostor_sanity,0,geometric_inlier_count,4.0,0.0,-4.0,False,False,True,False,False,False,True,True,False,172.34380000000002,1.0,0.0,-22.0,-4.0
pilot_impostor_sd300b_00078,sd300b,impostor_sanity,0,geometric_inlier_count,7.0,3.0,-4.0,False,False,True,False,False,False,False,True,True,218.6354,0.0,-1.0,-44.0,-4.0
pilot_impostor_sd300b_00079,sd300b,impostor_sanity,0,geometric_inlier_count,5.0,0.0,-5.0,False,False,True,False,False,False,True,True,False,188.96909999999997,0.0,0.0,-47.0,-5.0
pilot_impostor_sd300b_00080,sd300b,impostor_sanity,0,geometric_inlier_count,3.0,0.0,-3.0,False,False,True,False,False,False,True,True,False,189.6294,-558.0,-1.0,-9.0,-3.0
pilot_impostor_sd300b_00081,sd300b,impostor_sanity,0,geometric_inlier_count,4.0,2.0,-2.0,False,False,True,False,False,False,False,True,True,230.43589999999998,-84.0,0.0,-20.0,-2.0
pilot_impostor_sd300b_00082,sd300b,impostor_sanity,0,geometric_inlier_count,3.0,2.0,-1.0,False,False,True,False,False,False,False,True,True,179.08800000000002,-247.0,0.0,-19.0,-1.0
pilot_impostor_sd300b_00083,sd300b,impostor_sanity,0,geometric_inlier_count,3.0,0.0,-3.0,False,False,True,False,False,False,True,True,False,186.3248,0.0,0.0,-5.0,-3.0
pilot_impostor_sd300b_00084,sd300b,impostor_sanity,0,geometric_inlier_count,3.0,3.0,0.0,False,False,True,False,False,False,False,True,True,210.5125,1.0,0.0,-2.0,0.0
pilot_impostor_sd300b_00085,sd300b,impostor_sanity,0,geometric_inlier_count,4.0,0.0,-4.0,False,False,True,False,False,False,True,True,False,189.09120000000001,0.0,-1.0,-29.0,-4.0
pilot_impostor_sd300b_00086,sd300b,impostor_sanity,0,geometric_inlier_count,4.0,0.0,-4.0,False,False,True,False,False,False,True,True,False,304.8206,0.0,0.0,-10.0,-4.0
pilot_impostor_sd300b_00087,sd300b,impostor_sanity,0,geometric_inlier_count,10.0,0.0,-10.0,True,False,False,True,False,False,True,True,False,193.5081,0.0,2.0,-33.0,-10.0
pilot_impostor_sd300b_00088,sd300b,impostor_sanity,0,geometric_inlier_count,3.0,0.0,-3.0,False,False,True,False,False,False,True,True,False,211.2824,1.0,0.0,-10.0,-3.0
pilot_impostor_sd300b_00089,sd300b,impostor_sanity,0,geometric_inlier_count,6.0,3.0,-3.0,False,False,True,False,False,False,False,True,True,296.7798,1.0,-1.0,-27.0,-3.0
pilot_impostor_sd300b_00090,sd300b,impostor_sanity,0,geometric_inlier_count,6.0,0.0,-6.0,False,False,True,False,False,False,True,True,False,164.7856,-230.0,0.0,-41.0,-6.0
pilot_impostor_sd300b_00091,sd300b,impostor_sanity,0,geometric_inlier_count,3.0,0.0,-3.0,False,False,True,False,False,False,True,True,False,179.91920000000002,-133.0,1.0,-10.0,-3.0
pilot_impostor_sd300b_00092,sd300b,impostor_sanity,0,geometric_inlier_count,5.0,0.0,-5.0,False,False,True,False,False,False,True,True,False,191.9543,-1821.0,0.0,-29.0,-5.0
pilot_impostor_sd300b_00093,sd300b,impostor_sanity,0,geometric_inlier_count,7.0,2.0,-5.0,False,False,True,False,False,False,False,True,True,201.647,-810.0,0.0,-87.0,-5.0
pilot_impostor_sd300b_00094,sd300b,impostor_sanity,0,geometric_inlier_count,4.0,3.0,-1.0,False,False,True,False,False,False,False,True,True,271.8989,1.0,0.0,-9.0,-1.0
pilot_impostor_sd300b_00095,sd300b,impostor_sanity,0,geometric_inlier_count,3.0,0.0,-3.0,False,False,True,False,False,False,True,True,False,131.55429999999998,0.0,-1.0,-12.0,-3.0
pilot_impostor_sd300b_00096,sd300b,impostor_sanity,0,geometric_inlier_count,5.0,2.0,-3.0,False,False,True,False,False,False,False,True,True,237.9377,0.0,1.0,-22.0,-3.0
pilot_impostor_sd300b_00097,sd300b,impostor_sanity,0,geometric_inlier_count,3.0,0.0,-3.0,False,False,True,False,False,False,True,True,False,149.72299999999998,0.0,-1.0,-19.0,-3.0
pilot_impostor_sd300b_00098,sd300b,impostor_sanity,0,geometric_inlier_count,4.0,0.0,-4.0,False,False,True,False,False,False,True,True,False,190.2916,0.0,0.0,-31.0,-4.0
pilot_impostor_sd300b_00099,sd300b,impostor_sanity,0,geometric_inlier_count,3.0,2.0,-1.0,False,False,True,False,False,False,False,True,True,164.4856,-1.0,-1.0,-12.0,-1.0
pilot_impostor_sd300b_00100,sd300b,impostor_sanity,0,geometric_inlier_count,5.0,0.0,-5.0,False,False,True,False,False,False,True,True,False,223.8388,1.0,0.0,-34.0,-5.0
pilot_impostor_sd300b_00101,sd300b,impostor_sanity,0,geometric_inlier_count,3.0,0.0,-3.0,False,False,True,False,False,False,True,True,False,177.1717,0.0,-1.0,-12.0,-3.0
pilot_impostor_sd300b_00102,sd300b,impostor_sanity,0,geometric_inlier_count,3.0,0.0,-3.0,False,False,True,False,False,False,True,True,False,175.76389999999998,1.0,0.0,-18.0,-3.0
pilot_impostor_sd300b_00103,sd300b,impostor_sanity,0,geometric_inlier_count,3.0,0.0,-3.0,False,False,True,False,False,False,True,True,False,201.43800000000002,-873.0,-1.0,-10.0,-3.0
pilot_impostor_sd300b_00104,sd300b,impostor_sanity,0,geometric_inlier_count,4.0,0.0,-4.0,False,False,True,False,False,False,True,True,False,191.25179999999997,-133.0,0.0,-7.0,-4.0
pilot_impostor_sd300b_00105,sd300b,impostor_sanity,0,geometric_inlier_count,4.0,0.0,-4.0,False,False,True,False,False,False,True,True,False,158.4946,-97.0,-1.0,-38.0,-4.0
pilot_impostor_sd300b_00106,sd300b,impostor_sanity,0,geometric_inlier_count,5.0,0.0,-5.0,False,False,True,False,False,False,True,True,False,207.75709999999998,-1.0,0.0,-20.0,-5.0
pilot_impostor_sd300b_00107,sd300b,impostor_sanity,0,geometric_inlier_count,5.0,2.0,-3.0,False,False,True,False,False,False,False,True,True,277.0759,0.0,1.0,-10.0,-3.0
pilot_impostor_sd300b_00108,sd300b,impostor_sanity,0,geometric_inlier_count,5.0,2.0,-3.0,False,False,True,False,False,False,False,True,True,182.6314,-1.0,0.0,-39.0,-3.0
pilot_impostor_sd300b_00109,sd300b,impostor_sanity,0,geometric_inlier_count,4.0,0.0,-4.0,False,False,True,False,False,False,True,True,False,215.9548,0.0,0.0,-15.0,-4.0
pilot_impostor_sd300b_00110,sd300b,impostor_sanity,0,geometric_inlier_count,3.0,0.0,-3.0,False,False,True,False,False,False,True,True,False,205.3839,0.0,0.0,-11.0,-3.0
pilot_impostor_sd300b_00111,sd300b,impostor_sanity,0,geometric_inlier_count,3.0,0.0,-3.0,False,False,True,False,False,False,True,True,False,220.66190000000003,0.0,-1.0,-12.0,-3.0
pilot_impostor_sd300b_00112,sd300b,impostor_sanity,0,geometric_inlier_count,4.0,2.0,-2.0,False,False,True,False,False,False,False,True,True,186.0559,-421.0,0.0,-5.0,-2.0
pilot_impostor_sd300b_00113,sd300b,impostor_sanity,0,geometric_inlier_count,3.0,0.0,-3.0,False,False,True,False,False,False,True,True,False,165.27519999999998,-1495.0,1.0,-8.0,-3.0
pilot_impostor_sd300b_00114,sd300b,impostor_sanity,0,geometric_inlier_count,3.0,0.0,-3.0,False,False,True,False,False,False,True,True,False,284.8577,-2.0,0.0,-7.0,-3.0
pilot_impostor_sd300b_00115,sd300b,impostor_sanity,0,geometric_inlier_count,4.0,0.0,-4.0,False,False,True,False,False,False,True,True,False,198.25910000000002,-125.0,0.0,-12.0,-4.0
pilot_impostor_sd300b_00116,sd300b,impostor_sanity,0,geometric_inlier_count,3.0,0.0,-3.0,False,False,True,False,False,False,True,True,False,140.11909999999997,-1223.0,0.0,-3.0,-3.0
pilot_impostor_sd300b_00117,sd300b,impostor_sanity,0,geometric_inlier_count,3.0,2.0,-1.0,False,False,True,False,False,False,False,True,True,214.8883,0.0,0.0,-12.0,-1.0
pilot_impostor_sd300b_00118,sd300b,impostor_sanity,0,geometric_inlier_count,3.0,0.0,-3.0,False,False,True,False,False,False,True,True,False,277.66549999999995,0.0,-1.0,-11.0,-3.0
pilot_impostor_sd300b_00119,sd300b,impostor_sanity,0,geometric_inlier_count,3.0,0.0,-3.0,False,False,True,False,False,False,True,True,False,188.3119,-1.0,0.0,-6.0,-3.0
pilot_impostor_sd300b_00120,sd300b,impostor_sanity,0,geometric_inlier_count,4.0,0.0,-4.0,False,False,True,False,False,False,True,True,False,233.12879999999998,-1.0,0.0,-15.0,-4.0
pilot_impostor_sd300b_00121,sd300b,impostor_sanity,0,geometric_inlier_count,3.0,0.0,-3.0,False,False,True,False,False,False,True,True,False,287.96979999999996,0.0,-1.0,-18.0,-3.0
pilot_impostor_sd300b_00122,sd300b,impostor_sanity,0,geometric_inlier_count,4.0,0.0,-4.0,False,False,True,False,False,False,True,True,False,147.07889999999998,-1376.0,-1.0,-17.0,-4.0
pilot_impostor_sd300b_00123,sd300b,impostor_sanity,0,geometric_inlier_count,4.0,0.0,-4.0,False,False,True,False,False,False,True,True,False,287.6227,1.0,-1.0,-24.0,-4.0
pilot_impostor_sd300b_00124,sd300b,impostor_sanity,0,geometric_inlier_count,4.0,2.0,-2.0,False,False,True,False,False,False,False,True,True,159.0376,0.0,0.0,-26.0,-2.0
pilot_impostor_sd300b_00125,sd300b,impostor_sanity,0,geometric_inlier_count,4.0,0.0,-4.0,False,False,True,False,False,False,True,True,False,246.7015,0.0,0.0,-12.0,-4.0
pilot_impostor_sd300b_00126,sd300b,impostor_sanity,0,geometric_inlier_count,4.0,0.0,-4.0,False,False,True,False,False,False,True,True,False,238.151,-46.0,0.0,-8.0,-4.0
pilot_impostor_sd300b_00127,sd300b,impostor_sanity,0,geometric_inlier_count,4.0,2.0,-2.0,False,False,True,False,False,False,False,True,True,251.31239999999997,1.0,0.0,-12.0,-2.0
pilot_impostor_sd300b_00128,sd300b,impostor_sanity,0,geometric_inlier_count,4.0,0.0,-4.0,False,False,True,False,False,False,True,True,False,248.583,1.0,-1.0,-25.0,-4.0
pilot_impostor_sd300b_00129,sd300b,impostor_sanity,0,geometric_inlier_count,3.0,0.0,-3.0,False,False,True,False,False,False,True,True,False,217.6993,0.0,1.0,-10.0,-3.0
pilot_impostor_sd300b_00130,sd300b,impostor_sanity,0,geometric_inlier_count,3.0,0.0,-3.0,False,False,True,False,False,False,True,True,False,215.4254,1.0,0.0,-8.0,-3.0
pilot_impostor_sd300b_00131,sd300b,impostor_sanity,0,geometric_inlier_count,3.0,0.0,-3.0,False,False,True,False,False,False,True,True,False,167.72820000000002,0.0,0.0,-9.0,-3.0
pilot_impostor_sd300b_00132,sd300b,impostor_sanity,0,geometric_inlier_count,5.0,0.0,-5.0,False,False,True,False,False,False,True,True,False,147.809,-1403.0,0.0,-22.0,-5.0
pilot_impostor_sd300b_00133,sd300b,impostor_sanity,0,geometric_inlier_count,7.0,0.0,-7.0,False,False,True,False,False,False,True,True,False,213.52209999999997,-1.0,0.0,-34.0,-7.0
pilot_impostor_sd300b_00134,sd300b,impostor_sanity,0,geometric_inlier_count,3.0,0.0,-3.0,False,False,True,False,False,False,True,True,False,232.95049999999998,-1.0,-1.0,-13.0,-3.0
pilot_impostor_sd300b_00135,sd300b,impostor_sanity,0,geometric_inlier_count,3.0,0.0,-3.0,False,False,True,False,False,False,True,True,False,193.2782,-1.0,0.0,-6.0,-3.0
pilot_impostor_sd300b_00136,sd300b,impostor_sanity,0,geometric_inlier_count,3.0,0.0,-3.0,False,False,True,False,False,False,True,True,False,297.8777,-1.0,0.0,-6.0,-3.0
pilot_impostor_sd300b_00137,sd300b,impostor_sanity,0,geometric_inlier_count,3.0,0.0,-3.0,False,False,True,False,False,False,True,True,False,154.86759999999998,-1367.0,0.0,-9.0,-3.0
pilot_impostor_sd300b_00138,sd300b,impostor_sanity,0,geometric_inlier_count,3.0,0.0,-3.0,False,False,True,False,False,False,True,True,False,163.79919999999998,-652.0,-1.0,-7.0,-3.0
pilot_impostor_sd300b_00139,sd300b,impostor_sanity,0,geometric_inlier_count,3.0,0.0,-3.0,False,False,True,False,False,False,True,True,False,121.57719999999998,-1666.0,1.0,-16.0,-3.0
pilot_impostor_sd300b_00140,sd300b,impostor_sanity,0,geometric_inlier_count,4.0,0.0,-4.0,False,False,True,False,False,False,True,True,False,191.07040000000003,0.0,1.0,-20.0,-4.0
pilot_impostor_sd300b_00141,sd300b,impostor_sanity,0,geometric_inlier_count,3.0,0.0,-3.0,False,False,True,False,False,False,True,True,False,202.15439999999998,-312.0,-1.0,-8.0,-3.0
pilot_impostor_sd300b_00142,sd300b,impostor_sanity,0,geometric_inlier_count,3.0,0.0,-3.0,False,False,True,False,False,False,True,True,False,148.05190000000002,-1585.0,0.0,-7.0,-3.0
pilot_impostor_sd300b_00143,sd300b,impostor_sanity,0,geometric_inlier_count,5.0,0.0,-5.0,False,False,True,False,False,False,True,True,False,299.42819999999995,1.0,1.0,-22.0,-5.0
pilot_impostor_sd300b_00144,sd300b,impostor_sanity,0,geometric_inlier_count,4.0,0.0,-4.0,False,False,True,False,False,False,True,True,False,135.7885,0.0,-1.0,-7.0,-4.0
pilot_impostor_sd300b_00145,sd300b,impostor_sanity,0,geometric_inlier_count,3.0,2.0,-1.0,False,False,True,False,False,False,False,True,True,182.2913,0.0,-1.0,-15.0,-1.0
pilot_impostor_sd300b_00146,sd300b,impostor_sanity,0,geometric_inlier_count,3.0,0.0,-3.0,False,False,True,False,False,False,True,True,False,140.243,-866.0,0.0,-9.0,-3.0
pilot_impostor_sd300b_00147,sd300b,impostor_sanity,0,geometric_inlier_count,8.0,3.0,-5.0,False,False,True,False,False,False,False,True,True,116.7211,-2015.0,1.0,-34.0,-5.0
pilot_impostor_sd300b_00148,sd300b,impostor_sanity,0,geometric_inlier_count,3.0,0.0,-3.0,False,False,True,False,False,False,True,True,False,223.6745,-1.0,1.0,-7.0,-3.0
pilot_impostor_sd300b_00149,sd300b,impostor_sanity,0,geometric_inlier_count,4.0,2.0,-2.0,False,False,True,False,False,False,False,True,True,173.9325,0.0,-1.0,-3.0,-2.0
pilot_impostor_sd300b_00150,sd300b,impostor_sanity,0,geometric_inlier_count,7.0,0.0,-7.0,False,False,True,False,False,False,True,True,False,216.9463,0.0,0.0,-38.0,-7.0
pilot_impostor_sd300b_00151,sd300b,impostor_sanity,0,geometric_inlier_count,6.0,0.0,-6.0,False,False,True,False,False,False,True,True,False,216.6017,0.0,-1.0,-19.0,-6.0
pilot_impostor_sd300b_00152,sd300b,impostor_sanity,0,geometric_inlier_count,4.0,0.0,-4.0,False,False,True,False,False,False,True,True,False,191.457,0.0,2.0,-18.0,-4.0
pilot_impostor_sd300b_00153,sd300b,impostor_sanity,0,geometric_inlier_count,3.0,2.0,-1.0,False,False,True,False,False,False,False,True,True,147.9856,0.0,0.0,-9.0,-1.0
pilot_impostor_sd300b_00154,sd300b,impostor_sanity,0,geometric_inlier_count,4.0,0.0,-4.0,False,False,True,False,False,False,True,True,False,326.48069999999996,0.0,0.0,-16.0,-4.0
pilot_impostor_sd300b_00155,sd300b,impostor_sanity,0,geometric_inlier_count,5.0,2.0,-3.0,False,False,True,False,False,False,False,True,True,216.9819,0.0,-1.0,-22.0,-3.0
pilot_impostor_sd300b_00156,sd300b,impostor_sanity,0,geometric_inlier_count,4.0,0.0,-4.0,False,False,True,False,False,False,True,True,False,154.45999999999998,-2390.0,1.0,-9.0,-4.0
pilot_impostor_sd300b_00157,sd300b,impostor_sanity,0,geometric_inlier_count,6.0,0.0,-6.0,False,False,True,False,False,False,True,True,False,164.64520000000002,0.0,-1.0,-37.0,-6.0
pilot_impostor_sd300b_00158,sd300b,impostor_sanity,0,geometric_inlier_count,3.0,2.0,-1.0,False,False,True,False,False,False,False,True,True,232.16619999999998,-1.0,-1.0,-11.0,-1.0
pilot_impostor_sd300b_00159,sd300b,impostor_sanity,0,geometric_inlier_count,4.0,0.0,-4.0,False,False,True,False,False,False,True,True,False,290.6314,0.0,0.0,-23.0,-4.0
pilot_impostor_sd300b_00160,sd300b,impostor_sanity,0,geometric_inlier_count,3.0,3.0,0.0,False,False,True,False,False,False,False,True,True,245.55949999999999,-1.0,2.0,-7.0,0.0
pilot_impostor_sd300b_00161,sd300b,impostor_sanity,0,geometric_inlier_count,4.0,0.0,-4.0,False,False,True,False,False,False,True,True,False,180.8823,-151.0,0.0,-18.0,-4.0
pilot_impostor_sd300b_00162,sd300b,impostor_sanity,0,geometric_inlier_count,3.0,0.0,-3.0,False,False,True,False,False,False,True,True,False,319.3743,1.0,-1.0,-9.0,-3.0
pilot_impostor_sd300b_00163,sd300b,impostor_sanity,0,geometric_inlier_count,5.0,4.0,-1.0,False,True,False,False,True,False,False,True,True,296.82129999999995,0.0,-1.0,-21.0,-1.0
pilot_impostor_sd300b_00164,sd300b,impostor_sanity,0,geometric_inlier_count,3.0,0.0,-3.0,False,False,True,False,False,False,True,True,False,240.17550000000003,0.0,0.0,-14.0,-3.0
pilot_impostor_sd300b_00165,sd300b,impostor_sanity,0,geometric_inlier_count,5.0,2.0,-3.0,False,False,True,False,False,False,False,True,True,274.6153,0.0,0.0,-20.0,-3.0
pilot_impostor_sd300b_00166,sd300b,impostor_sanity,0,geometric_inlier_count,8.0,0.0,-8.0,False,False,True,False,False,False,True,True,False,307.437,0.0,0.0,-28.0,-8.0
pilot_impostor_sd300b_00167,sd300b,impostor_sanity,0,geometric_inlier_count,3.0,0.0,-3.0,False,False,True,False,False,False,True,True,False,313.2898,0.0,0.0,-4.0,-3.0
pilot_impostor_sd300b_00168,sd300b,impostor_sanity,0,geometric_inlier_count,3.0,0.0,-3.0,False,False,True,False,False,False,True,True,False,152.36030000000002,-128.0,-1.0,-25.0,-3.0
pilot_impostor_sd300b_00169,sd300b,impostor_sanity,0,geometric_inlier_count,3.0,0.0,-3.0,False,False,True,False,False,False,True,True,False,204.74860000000004,0.0,-1.0,-9.0,-3.0
pilot_impostor_sd300b_00170,sd300b,impostor_sanity,0,geometric_inlier_count,4.0,0.0,-4.0,False,False,True,False,False,False,True,True,False,162.88779999999997,1.0,0.0,-16.0,-4.0
pilot_impostor_sd300b_00171,sd300b,impostor_sanity,0,geometric_inlier_count,4.0,0.0,-4.0,False,False,True,False,False,False,True,True,False,157.478,-1.0,1.0,-39.0,-4.0
pilot_impostor_sd300b_00172,sd300b,impostor_sanity,0,geometric_inlier_count,3.0,0.0,-3.0,False,False,True,False,False,False,True,True,False,213.79919999999998,1.0,0.0,-7.0,-3.0
pilot_impostor_sd300b_00173,sd300b,impostor_sanity,0,geometric_inlier_count,4.0,0.0,-4.0,False,False,True,False,False,False,True,True,False,253.35399999999998,0.0,0.0,-9.0,-4.0
pilot_impostor_sd300b_00174,sd300b,impostor_sanity,0,geometric_inlier_count,4.0,0.0,-4.0,False,False,True,False,False,False,True,True,False,218.2422,0.0,1.0,-26.0,-4.0
pilot_impostor_sd300b_00175,sd300b,impostor_sanity,0,geometric_inlier_count,4.0,0.0,-4.0,False,False,True,False,False,False,True,True,False,150.97779999999997,0.0,0.0,-14.0,-4.0
pilot_impostor_sd300b_00176,sd300b,impostor_sanity,0,geometric_inlier_count,4.0,2.0,-2.0,False,False,True,False,False,False,False,True,True,208.86360000000002,0.0,-1.0,-7.0,-2.0
pilot_impostor_sd300b_00177,sd300b,impostor_sanity,0,geometric_inlier_count,4.0,0.0,-4.0,False,False,True,False,False,False,True,True,False,261.0196,0.0,0.0,-68.0,-4.0
pilot_impostor_sd300b_00178,sd300b,impostor_sanity,0,geometric_inlier_count,3.0,0.0,-3.0,False,False,True,False,False,False,True,True,False,190.0451,0.0,0.0,-4.0,-3.0
pilot_impostor_sd300b_00179,sd300b,impostor_sanity,0,geometric_inlier_count,4.0,0.0,-4.0,False,False,True,False,False,False,True,True,False,218.60850000000002,0.0,0.0,-25.0,-4.0
pilot_impostor_sd300b_00180,sd300b,impostor_sanity,0,geometric_inlier_count,4.0,2.0,-2.0,False,False,True,False,False,False,False,True,True,206.8333,0.0,0.0,-11.0,-2.0
pilot_impostor_sd300b_00181,sd300b,impostor_sanity,0,geometric_inlier_count,4.0,0.0,-4.0,False,False,True,False,False,False,True,True,False,179.7363,-250.0,0.0,-24.0,-4.0
pilot_impostor_sd300b_00182,sd300b,impostor_sanity,0,geometric_inlier_count,4.0,0.0,-4.0,False,False,True,False,False,False,True,True,False,286.1209,0.0,0.0,-12.0,-4.0
pilot_impostor_sd300b_00183,sd300b,impostor_sanity,0,geometric_inlier_count,3.0,0.0,-3.0,False,False,True,False,False,False,True,True,False,141.55679999999998,1.0,1.0,-10.0,-3.0
pilot_impostor_sd300b_00184,sd300b,impostor_sanity,0,geometric_inlier_count,8.0,3.0,-5.0,False,False,True,False,False,False,False,True,True,301.2074,0.0,0.0,-27.0,-5.0
pilot_impostor_sd300b_00185,sd300b,impostor_sanity,0,geometric_inlier_count,3.0,0.0,-3.0,False,False,True,False,False,False,True,True,False,203.4855,0.0,0.0,-6.0,-3.0
pilot_impostor_sd300b_00186,sd300b,impostor_sanity,0,geometric_inlier_count,3.0,0.0,-3.0,False,False,True,False,False,False,True,True,False,183.2973,-1.0,0.0,-8.0,-3.0
pilot_impostor_sd300b_00187,sd300b,impostor_sanity,0,geometric_inlier_count,3.0,0.0,-3.0,False,False,True,False,False,False,True,True,False,189.141,0.0,0.0,-11.0,-3.0
pilot_impostor_sd300b_00188,sd300b,impostor_sanity,0,geometric_inlier_count,5.0,0.0,-5.0,False,False,True,False,False,False,True,True,False,200.23920000000004,0.0,0.0,-49.0,-5.0
pilot_impostor_sd300b_00189,sd300b,impostor_sanity,0,geometric_inlier_count,3.0,0.0,-3.0,False,False,True,False,False,False,True,True,False,188.1283,0.0,0.0,-5.0,-3.0
pilot_impostor_sd300b_00190,sd300b,impostor_sanity,0,geometric_inlier_count,8.0,0.0,-8.0,False,False,True,False,False,False,True,True,False,71.59909999999999,-1911.0,0.0,-57.0,-8.0
pilot_impostor_sd300b_00191,sd300b,impostor_sanity,0,geometric_inlier_count,3.0,2.0,-1.0,False,False,True,False,False,False,False,True,True,188.6372,0.0,0.0,-13.0,-1.0
pilot_impostor_sd300b_00192,sd300b,impostor_sanity,0,geometric_inlier_count,3.0,0.0,-3.0,False,False,True,False,False,False,True,True,False,183.8532,0.0,1.0,-5.0,-3.0
pilot_impostor_sd300b_00193,sd300b,impostor_sanity,0,geometric_inlier_count,4.0,0.0,-4.0,False,False,True,False,False,False,True,True,False,288.64,0.0,0.0,-16.0,-4.0
pilot_impostor_sd300b_00194,sd300b,impostor_sanity,0,geometric_inlier_count,3.0,0.0,-3.0,False,False,True,False,False,False,True,True,False,131.63349999999997,-2227.0,0.0,-8.0,-3.0
pilot_impostor_sd300b_00195,sd300b,impostor_sanity,0,geometric_inlier_count,4.0,0.0,-4.0,False,False,True,False,False,False,True,True,False,164.07869999999997,0.0,1.0,-11.0,-4.0
pilot_impostor_sd300b_00196,sd300b,impostor_sanity,0,geometric_inlier_count,3.0,0.0,-3.0,False,False,True,False,False,False,True,True,False,151.17999999999998,0.0,0.0,-9.0,-3.0
pilot_impostor_sd300b_00197,sd300b,impostor_sanity,0,geometric_inlier_count,3.0,0.0,-3.0,False,False,True,False,False,False,True,True,False,121.1026,0.0,0.0,-13.0,-3.0
pilot_impostor_sd300b_00198,sd300b,impostor_sanity,0,geometric_inlier_count,4.0,0.0,-4.0,False,False,True,False,False,False,True,True,False,224.60750000000002,0.0,0.0,-15.0,-4.0
pilot_impostor_sd300b_00199,sd300b,impostor_sanity,0,geometric_inlier_count,4.0,0.0,-4.0,False,False,True,False,False,False,True,True,False,298.7494,0.0,0.0,-27.0,-4.0
pilot_impostor_sd300b_00200,sd300b,impostor_sanity,0,geometric_inlier_count,4.0,0.0,-4.0,False,False,True,False,False,False,True,True,False,294.7545,0.0,0.0,-16.0,-4.0
pilot_impostor_sd300c_00001,sd300c,impostor_sanity,0,geometric_inlier_count,4.0,0.0,-4.0,False,False,True,False,False,False,True,True,False,962.4346,0.0,0.0,-14.0,-4.0
pilot_impostor_sd300c_00002,sd300c,impostor_sanity,0,geometric_inlier_count,3.0,0.0,-3.0,False,False,True,False,False,False,True,True,False,1113.5993999999998,-18.0,1.0,-20.0,-3.0
pilot_impostor_sd300c_00003,sd300c,impostor_sanity,0,geometric_inlier_count,3.0,0.0,-3.0,False,False,True,False,False,False,True,True,False,1257.66,0.0,0.0,-15.0,-3.0
pilot_impostor_sd300c_00004,sd300c,impostor_sanity,0,geometric_inlier_count,3.0,0.0,-3.0,False,False,True,False,False,False,True,True,False,867.315,-1085.0,0.0,-16.0,-3.0
pilot_impostor_sd300c_00005,sd300c,impostor_sanity,0,geometric_inlier_count,4.0,0.0,-4.0,False,False,True,False,False,False,True,True,False,1104.3289,0.0,-1.0,-15.0,-4.0
pilot_impostor_sd300c_00006,sd300c,impostor_sanity,0,geometric_inlier_count,4.0,0.0,-4.0,False,False,True,False,False,False,True,True,False,1400.1724,0.0,1.0,-10.0,-4.0
pilot_impostor_sd300c_00007,sd300c,impostor_sanity,0,geometric_inlier_count,3.0,0.0,-3.0,False,False,True,False,False,False,True,True,False,1056.0397,0.0,0.0,-6.0,-3.0
pilot_impostor_sd300c_00008,sd300c,impostor_sanity,0,geometric_inlier_count,3.0,0.0,-3.0,False,False,True,False,False,False,True,True,False,1371.6645,1.0,0.0,-8.0,-3.0
pilot_impostor_sd300c_00009,sd300c,impostor_sanity,0,geometric_inlier_count,6.0,0.0,-6.0,False,False,True,False,False,False,True,True,False,1366.1867,-1.0,0.0,-51.0,-6.0
pilot_impostor_sd300c_00010,sd300c,impostor_sanity,0,geometric_inlier_count,4.0,2.0,-2.0,False,False,True,False,False,False,False,True,True,1179.4504,0.0,2.0,-28.0,-2.0
pilot_impostor_sd300c_00011,sd300c,impostor_sanity,0,geometric_inlier_count,3.0,0.0,-3.0,False,False,True,False,False,False,True,True,False,1040.6877,-1543.0,0.0,-5.0,-3.0
pilot_impostor_sd300c_00012,sd300c,impostor_sanity,0,geometric_inlier_count,3.0,0.0,-3.0,False,False,True,False,False,False,True,True,False,989.9086,-2192.0,0.0,-13.0,-3.0
pilot_impostor_sd300c_00013,sd300c,impostor_sanity,0,geometric_inlier_count,3.0,0.0,-3.0,False,False,True,False,False,False,True,True,False,1193.7056,1.0,0.0,-9.0,-3.0
pilot_impostor_sd300c_00014,sd300c,impostor_sanity,0,geometric_inlier_count,5.0,0.0,-5.0,False,False,True,False,False,False,True,True,False,1249.5468,0.0,0.0,-18.0,-5.0
pilot_impostor_sd300c_00015,sd300c,impostor_sanity,0,geometric_inlier_count,3.0,0.0,-3.0,False,False,True,False,False,False,True,True,False,1226.4917999999998,0.0,0.0,-10.0,-3.0
pilot_impostor_sd300c_00016,sd300c,impostor_sanity,0,geometric_inlier_count,4.0,0.0,-4.0,False,False,True,False,False,False,True,True,False,989.9814000000001,0.0,0.0,-15.0,-4.0
pilot_impostor_sd300c_00017,sd300c,impostor_sanity,0,geometric_inlier_count,4.0,0.0,-4.0,False,False,True,False,False,False,True,True,False,1138.8264,0.0,0.0,-11.0,-4.0
pilot_impostor_sd300c_00018,sd300c,impostor_sanity,0,geometric_inlier_count,3.0,2.0,-1.0,False,False,True,False,False,False,False,True,True,1172.0147000000002,0.0,0.0,-12.0,-1.0
pilot_impostor_sd300c_00019,sd300c,impostor_sanity,0,geometric_inlier_count,6.0,2.0,-4.0,False,False,True,False,False,False,False,True,True,1094.6737,1.0,1.0,-27.0,-4.0
pilot_impostor_sd300c_00020,sd300c,impostor_sanity,0,geometric_inlier_count,4.0,0.0,-4.0,False,False,True,False,False,False,True,True,False,1051.2025999999998,0.0,1.0,-30.0,-4.0
pilot_impostor_sd300c_00021,sd300c,impostor_sanity,0,geometric_inlier_count,4.0,0.0,-4.0,False,False,True,False,False,False,True,True,False,1213.8046,0.0,0.0,-35.0,-4.0
pilot_impostor_sd300c_00022,sd300c,impostor_sanity,0,geometric_inlier_count,5.0,0.0,-5.0,False,False,True,False,False,False,True,True,False,1406.593,31.0,1.0,-42.0,-5.0
pilot_impostor_sd300c_00023,sd300c,impostor_sanity,0,geometric_inlier_count,3.0,2.0,-1.0,False,False,True,False,False,False,False,True,True,1264.9528,0.0,-1.0,-15.0,-1.0
pilot_impostor_sd300c_00024,sd300c,impostor_sanity,0,geometric_inlier_count,5.0,0.0,-5.0,False,False,True,False,False,False,True,True,False,1183.7504,0.0,0.0,-18.0,-5.0
pilot_impostor_sd300c_00025,sd300c,impostor_sanity,0,geometric_inlier_count,4.0,0.0,-4.0,False,False,True,False,False,False,True,True,False,1140.8886000000002,0.0,0.0,-44.0,-4.0
pilot_impostor_sd300c_00026,sd300c,impostor_sanity,0,geometric_inlier_count,5.0,0.0,-5.0,False,False,True,False,False,False,True,True,False,1410.6462000000001,0.0,0.0,-46.0,-5.0
pilot_impostor_sd300c_00027,sd300c,impostor_sanity,0,geometric_inlier_count,3.0,0.0,-3.0,False,False,True,False,False,False,True,True,False,1150.3743,0.0,1.0,-13.0,-3.0
pilot_impostor_sd300c_00028,sd300c,impostor_sanity,0,geometric_inlier_count,5.0,0.0,-5.0,False,False,True,False,False,False,True,True,False,1034.7525,0.0,0.0,-35.0,-5.0
pilot_impostor_sd300c_00029,sd300c,impostor_sanity,0,geometric_inlier_count,5.0,0.0,-5.0,False,False,True,False,False,False,True,True,False,1162.1660000000002,0.0,0.0,-24.0,-5.0
pilot_impostor_sd300c_00030,sd300c,impostor_sanity,0,geometric_inlier_count,4.0,2.0,-2.0,False,False,True,False,False,False,False,True,True,1583.4179,-1.0,-1.0,-26.0,-2.0
pilot_impostor_sd300c_00031,sd300c,impostor_sanity,0,geometric_inlier_count,4.0,0.0,-4.0,False,False,True,False,False,False,True,True,False,1191.2359000000001,0.0,0.0,-19.0,-4.0
pilot_impostor_sd300c_00032,sd300c,impostor_sanity,0,geometric_inlier_count,5.0,0.0,-5.0,False,False,True,False,False,False,True,True,False,1188.0157000000002,0.0,0.0,-29.0,-5.0
pilot_impostor_sd300c_00033,sd300c,impostor_sanity,0,geometric_inlier_count,4.0,0.0,-4.0,False,False,True,False,False,False,True,True,False,1092.5404999999998,0.0,0.0,-21.0,-4.0
pilot_impostor_sd300c_00034,sd300c,impostor_sanity,0,geometric_inlier_count,5.0,0.0,-5.0,False,False,True,False,False,False,True,True,False,1144.0426,-1.0,0.0,-33.0,-5.0
pilot_impostor_sd300c_00035,sd300c,impostor_sanity,0,geometric_inlier_count,6.0,2.0,-4.0,False,False,True,False,False,False,False,True,True,1448.4935999999998,0.0,0.0,-21.0,-4.0
pilot_impostor_sd300c_00036,sd300c,impostor_sanity,0,geometric_inlier_count,4.0,0.0,-4.0,False,False,True,False,False,False,True,True,False,1133.5226,0.0,-1.0,-8.0,-4.0
pilot_impostor_sd300c_00037,sd300c,impostor_sanity,0,geometric_inlier_count,5.0,0.0,-5.0,False,False,True,False,False,False,True,True,False,1337.3764999999999,0.0,0.0,-33.0,-5.0
pilot_impostor_sd300c_00038,sd300c,impostor_sanity,0,geometric_inlier_count,5.0,0.0,-5.0,False,False,True,False,False,False,True,True,False,1048.9618,0.0,-1.0,-58.0,-5.0
pilot_impostor_sd300c_00039,sd300c,impostor_sanity,0,geometric_inlier_count,4.0,0.0,-4.0,False,False,True,False,False,False,True,True,False,1005.2493000000001,1.0,2.0,-24.0,-4.0
pilot_impostor_sd300c_00040,sd300c,impostor_sanity,0,geometric_inlier_count,4.0,0.0,-4.0,False,False,True,False,False,False,True,True,False,1171.8349,0.0,1.0,-8.0,-4.0
pilot_impostor_sd300c_00041,sd300c,impostor_sanity,0,geometric_inlier_count,3.0,0.0,-3.0,False,False,True,False,False,False,True,True,False,1122.3098,-470.0,1.0,-5.0,-3.0
pilot_impostor_sd300c_00042,sd300c,impostor_sanity,0,geometric_inlier_count,4.0,2.0,-2.0,False,False,True,False,False,False,False,True,True,1034.9865,-388.0,0.0,-22.0,-2.0
pilot_impostor_sd300c_00043,sd300c,impostor_sanity,0,geometric_inlier_count,8.0,2.0,-6.0,False,False,True,False,False,False,False,True,True,1383.3476,239.0,0.0,-9.0,-6.0
pilot_impostor_sd300c_00044,sd300c,impostor_sanity,0,geometric_inlier_count,4.0,0.0,-4.0,False,False,True,False,False,False,True,True,False,1105.6212,0.0,-1.0,-14.0,-4.0
pilot_impostor_sd300c_00045,sd300c,impostor_sanity,0,geometric_inlier_count,4.0,0.0,-4.0,False,False,True,False,False,False,True,True,False,1030.4451999999999,0.0,0.0,-15.0,-4.0
pilot_impostor_sd300c_00046,sd300c,impostor_sanity,0,geometric_inlier_count,4.0,0.0,-4.0,False,False,True,False,False,False,True,True,False,846.8444999999999,-1115.0,-1.0,-23.0,-4.0
pilot_impostor_sd300c_00047,sd300c,impostor_sanity,0,geometric_inlier_count,4.0,0.0,-4.0,False,False,True,False,False,False,True,True,False,1150.7729,0.0,0.0,-14.0,-4.0
pilot_impostor_sd300c_00048,sd300c,impostor_sanity,0,geometric_inlier_count,3.0,0.0,-3.0,False,False,True,False,False,False,True,True,False,786.0837999999999,-1.0,0.0,-9.0,-3.0
pilot_impostor_sd300c_00049,sd300c,impostor_sanity,0,geometric_inlier_count,5.0,0.0,-5.0,False,False,True,False,False,False,True,True,False,1809.9974,0.0,0.0,-9.0,-5.0
pilot_impostor_sd300c_00050,sd300c,impostor_sanity,0,geometric_inlier_count,4.0,0.0,-4.0,False,False,True,False,False,False,True,True,False,1078.3224,0.0,0.0,-27.0,-4.0
pilot_impostor_sd300c_00051,sd300c,impostor_sanity,0,geometric_inlier_count,4.0,2.0,-2.0,False,False,True,False,False,False,False,True,True,1023.3439000000001,0.0,0.0,-19.0,-2.0
pilot_impostor_sd300c_00052,sd300c,impostor_sanity,0,geometric_inlier_count,8.0,0.0,-8.0,False,False,True,False,False,False,True,True,False,1161.4402,0.0,1.0,-30.0,-8.0
pilot_impostor_sd300c_00053,sd300c,impostor_sanity,0,geometric_inlier_count,6.0,2.0,-4.0,False,False,True,False,False,False,False,True,True,1065.0582,1.0,-1.0,-51.0,-4.0
pilot_impostor_sd300c_00054,sd300c,impostor_sanity,0,geometric_inlier_count,6.0,0.0,-6.0,False,False,True,False,False,False,True,True,False,1048.2650999999998,0.0,0.0,-39.0,-6.0
pilot_impostor_sd300c_00055,sd300c,impostor_sanity,0,geometric_inlier_count,4.0,0.0,-4.0,False,False,True,False,False,False,True,True,False,1133.0803,-1.0,0.0,-18.0,-4.0
pilot_impostor_sd300c_00056,sd300c,impostor_sanity,0,geometric_inlier_count,4.0,0.0,-4.0,False,False,True,False,False,False,True,True,False,1524.2226,0.0,1.0,-13.0,-4.0
pilot_impostor_sd300c_00057,sd300c,impostor_sanity,0,geometric_inlier_count,5.0,0.0,-5.0,False,False,True,False,False,False,True,True,False,1362.1374,0.0,0.0,-21.0,-5.0
pilot_impostor_sd300c_00058,sd300c,impostor_sanity,0,geometric_inlier_count,6.0,0.0,-6.0,False,False,True,False,False,False,True,True,False,1153.4422,0.0,0.0,-32.0,-6.0
pilot_impostor_sd300c_00059,sd300c,impostor_sanity,0,geometric_inlier_count,3.0,0.0,-3.0,False,False,True,False,False,False,True,True,False,1069.5841999999998,-1.0,0.0,-11.0,-3.0
pilot_impostor_sd300c_00060,sd300c,impostor_sanity,0,geometric_inlier_count,3.0,0.0,-3.0,False,False,True,False,False,False,True,True,False,1100.0311,-1080.0,0.0,-12.0,-3.0
pilot_impostor_sd300c_00061,sd300c,impostor_sanity,0,geometric_inlier_count,4.0,0.0,-4.0,False,False,True,False,False,False,True,True,False,1362.524,0.0,1.0,-15.0,-4.0
pilot_impostor_sd300c_00062,sd300c,impostor_sanity,0,geometric_inlier_count,3.0,0.0,-3.0,False,False,True,False,False,False,True,True,False,1082.804,1.0,0.0,-13.0,-3.0
pilot_impostor_sd300c_00063,sd300c,impostor_sanity,0,geometric_inlier_count,4.0,0.0,-4.0,False,False,True,False,False,False,True,True,False,1094.5643,0.0,0.0,-15.0,-4.0
pilot_impostor_sd300c_00064,sd300c,impostor_sanity,0,geometric_inlier_count,3.0,0.0,-3.0,False,False,True,False,False,False,True,True,False,1197.165,2.0,1.0,-9.0,-3.0
pilot_impostor_sd300c_00065,sd300c,impostor_sanity,0,geometric_inlier_count,4.0,0.0,-4.0,False,False,True,False,False,False,True,True,False,1018.4449999999999,-1.0,-1.0,-17.0,-4.0
pilot_impostor_sd300c_00066,sd300c,impostor_sanity,0,geometric_inlier_count,3.0,0.0,-3.0,False,False,True,False,False,False,True,True,False,1992.6063,0.0,-1.0,-3.0,-3.0
pilot_impostor_sd300c_00067,sd300c,impostor_sanity,0,geometric_inlier_count,4.0,0.0,-4.0,False,False,True,False,False,False,True,True,False,867.1125000000001,1.0,0.0,-25.0,-4.0
pilot_impostor_sd300c_00068,sd300c,impostor_sanity,0,geometric_inlier_count,4.0,2.0,-2.0,False,False,True,False,False,False,False,True,True,1488.4219,-1.0,-1.0,-9.0,-2.0
pilot_impostor_sd300c_00069,sd300c,impostor_sanity,0,geometric_inlier_count,4.0,0.0,-4.0,False,False,True,False,False,False,True,True,False,1074.9905,-466.0,-1.0,-14.0,-4.0
pilot_impostor_sd300c_00070,sd300c,impostor_sanity,0,geometric_inlier_count,6.0,0.0,-6.0,False,False,True,False,False,False,True,True,False,1088.3845,0.0,-1.0,-27.0,-6.0
pilot_impostor_sd300c_00071,sd300c,impostor_sanity,0,geometric_inlier_count,5.0,0.0,-5.0,False,False,True,False,False,False,True,True,False,952.1951,0.0,0.0,-25.0,-5.0
pilot_impostor_sd300c_00072,sd300c,impostor_sanity,0,geometric_inlier_count,5.0,0.0,-5.0,False,False,True,False,False,False,True,True,False,1041.1023,0.0,0.0,-32.0,-5.0
pilot_impostor_sd300c_00073,sd300c,impostor_sanity,0,geometric_inlier_count,3.0,0.0,-3.0,False,False,True,False,False,False,True,True,False,986.9823999999999,-2505.0,1.0,-11.0,-3.0
pilot_impostor_sd300c_00074,sd300c,impostor_sanity,0,geometric_inlier_count,4.0,0.0,-4.0,False,False,True,False,False,False,True,True,False,1096.6131,0.0,0.0,-20.0,-4.0
pilot_impostor_sd300c_00075,sd300c,impostor_sanity,0,geometric_inlier_count,6.0,0.0,-6.0,False,False,True,False,False,False,True,True,False,1073.8085,-569.0,0.0,-23.0,-6.0
pilot_impostor_sd300c_00076,sd300c,impostor_sanity,0,geometric_inlier_count,3.0,0.0,-3.0,False,False,True,False,False,False,True,True,False,1124.2031,-1882.0,0.0,-7.0,-3.0
pilot_impostor_sd300c_00077,sd300c,impostor_sanity,0,geometric_inlier_count,7.0,0.0,-7.0,False,False,True,False,False,False,True,True,False,1046.9696,0.0,0.0,-38.0,-7.0
pilot_impostor_sd300c_00078,sd300c,impostor_sanity,0,geometric_inlier_count,3.0,0.0,-3.0,False,False,True,False,False,False,True,True,False,1039.5319,1.0,0.0,-8.0,-3.0
pilot_impostor_sd300c_00079,sd300c,impostor_sanity,0,geometric_inlier_count,4.0,0.0,-4.0,False,False,True,False,False,False,True,True,False,1173.6545999999998,-85.0,-1.0,-27.0,-4.0
pilot_impostor_sd300c_00080,sd300c,impostor_sanity,0,geometric_inlier_count,4.0,4.0,0.0,False,True,False,False,True,False,False,True,True,1335.8652000000002,0.0,-1.0,-4.0,0.0
pilot_impostor_sd300c_00081,sd300c,impostor_sanity,0,geometric_inlier_count,3.0,2.0,-1.0,False,False,True,False,False,False,False,True,True,1124.622,-2.0,-1.0,-10.0,-1.0
pilot_impostor_sd300c_00082,sd300c,impostor_sanity,0,geometric_inlier_count,4.0,0.0,-4.0,False,False,True,False,False,False,True,True,False,1088.5517,-449.0,0.0,-12.0,-4.0
pilot_impostor_sd300c_00083,sd300c,impostor_sanity,0,geometric_inlier_count,5.0,0.0,-5.0,False,False,True,False,False,False,True,True,False,1093.4357,-1570.0,0.0,-36.0,-5.0
pilot_impostor_sd300c_00084,sd300c,impostor_sanity,0,geometric_inlier_count,4.0,0.0,-4.0,False,False,True,False,False,False,True,True,False,1175.4940000000001,0.0,0.0,-11.0,-4.0
pilot_impostor_sd300c_00085,sd300c,impostor_sanity,0,geometric_inlier_count,4.0,0.0,-4.0,False,False,True,False,False,False,True,True,False,1109.1519,0.0,0.0,-23.0,-4.0
pilot_impostor_sd300c_00086,sd300c,impostor_sanity,0,geometric_inlier_count,4.0,2.0,-2.0,False,False,True,False,False,False,False,True,True,1259.2999,-1.0,0.0,-25.0,-2.0
pilot_impostor_sd300c_00087,sd300c,impostor_sanity,0,geometric_inlier_count,5.0,0.0,-5.0,False,False,True,False,False,False,True,True,False,1369.4846,0.0,0.0,-24.0,-5.0
pilot_impostor_sd300c_00088,sd300c,impostor_sanity,0,geometric_inlier_count,10.0,2.0,-8.0,True,False,False,True,False,False,False,True,True,1129.6547999999998,0.0,0.0,-50.0,-8.0
pilot_impostor_sd300c_00089,sd300c,impostor_sanity,0,geometric_inlier_count,3.0,0.0,-3.0,False,False,True,False,False,False,True,True,False,1481.3723,-1.0,2.0,-9.0,-3.0
pilot_impostor_sd300c_00090,sd300c,impostor_sanity,0,geometric_inlier_count,4.0,0.0,-4.0,False,False,True,False,False,False,True,True,False,1108.2985,0.0,0.0,-37.0,-4.0
pilot_impostor_sd300c_00091,sd300c,impostor_sanity,0,geometric_inlier_count,3.0,0.0,-3.0,False,False,True,False,False,False,True,True,False,1169.4045,0.0,0.0,-12.0,-3.0
pilot_impostor_sd300c_00092,sd300c,impostor_sanity,0,geometric_inlier_count,6.0,0.0,-6.0,False,False,True,False,False,False,True,True,False,1505.317,-1.0,0.0,-29.0,-6.0
pilot_impostor_sd300c_00093,sd300c,impostor_sanity,0,geometric_inlier_count,3.0,3.0,0.0,False,False,True,False,False,False,False,True,True,1400.5805,1.0,-1.0,-11.0,0.0
pilot_impostor_sd300c_00094,sd300c,impostor_sanity,0,geometric_inlier_count,3.0,2.0,-1.0,False,False,True,False,False,False,False,True,True,1144.8737,0.0,0.0,-23.0,-1.0
pilot_impostor_sd300c_00095,sd300c,impostor_sanity,0,geometric_inlier_count,3.0,0.0,-3.0,False,False,True,False,False,False,True,True,False,1068.2584000000002,0.0,0.0,-10.0,-3.0
pilot_impostor_sd300c_00096,sd300c,impostor_sanity,0,geometric_inlier_count,5.0,0.0,-5.0,False,False,True,False,False,False,True,True,False,1202.7672,1.0,1.0,-25.0,-5.0
pilot_impostor_sd300c_00097,sd300c,impostor_sanity,0,geometric_inlier_count,3.0,4.0,1.0,False,True,False,False,True,False,False,True,True,1412.3559,0.0,-1.0,0.0,1.0
pilot_impostor_sd300c_00098,sd300c,impostor_sanity,0,geometric_inlier_count,3.0,0.0,-3.0,False,False,True,False,False,False,True,True,False,1133.5631999999998,1.0,-1.0,-8.0,-3.0
pilot_impostor_sd300c_00099,sd300c,impostor_sanity,0,geometric_inlier_count,3.0,0.0,-3.0,False,False,True,False,False,False,True,True,False,879.7604000000001,-1404.0,-1.0,-8.0,-3.0
pilot_impostor_sd300c_00100,sd300c,impostor_sanity,0,geometric_inlier_count,3.0,0.0,-3.0,False,False,True,False,False,False,True,True,False,1173.3014,0.0,0.0,-7.0,-3.0
pilot_impostor_sd300c_00101,sd300c,impostor_sanity,0,geometric_inlier_count,4.0,2.0,-2.0,False,False,True,False,False,False,False,True,True,1040.1453000000001,0.0,0.0,-15.0,-2.0
pilot_impostor_sd300c_00102,sd300c,impostor_sanity,0,geometric_inlier_count,3.0,0.0,-3.0,False,False,True,False,False,False,True,True,False,1772.5734000000002,0.0,0.0,-17.0,-3.0
pilot_impostor_sd300c_00103,sd300c,impostor_sanity,0,geometric_inlier_count,3.0,0.0,-3.0,False,False,True,False,False,False,True,True,False,1080.6966,0.0,2.0,-9.0,-3.0
pilot_impostor_sd300c_00104,sd300c,impostor_sanity,0,geometric_inlier_count,4.0,0.0,-4.0,False,False,True,False,False,False,True,True,False,1002.3147,-1.0,0.0,-23.0,-4.0
pilot_impostor_sd300c_00105,sd300c,impostor_sanity,0,geometric_inlier_count,3.0,0.0,-3.0,False,False,True,False,False,False,True,True,False,1008.9242,0.0,1.0,-14.0,-3.0
pilot_impostor_sd300c_00106,sd300c,impostor_sanity,0,geometric_inlier_count,3.0,0.0,-3.0,False,False,True,False,False,False,True,True,False,1205.9525,0.0,0.0,-15.0,-3.0
pilot_impostor_sd300c_00107,sd300c,impostor_sanity,0,geometric_inlier_count,3.0,0.0,-3.0,False,False,True,False,False,False,True,True,False,759.9907999999999,0.0,0.0,-13.0,-3.0
pilot_impostor_sd300c_00108,sd300c,impostor_sanity,0,geometric_inlier_count,3.0,0.0,-3.0,False,False,True,False,False,False,True,True,False,1076.0376999999999,0.0,-2.0,-18.0,-3.0
pilot_impostor_sd300c_00109,sd300c,impostor_sanity,0,geometric_inlier_count,3.0,0.0,-3.0,False,False,True,False,False,False,True,True,False,1165.7043,-1.0,0.0,-9.0,-3.0
pilot_impostor_sd300c_00110,sd300c,impostor_sanity,0,geometric_inlier_count,4.0,2.0,-2.0,False,False,True,False,False,False,False,True,True,1104.6162,0.0,-1.0,-29.0,-2.0
pilot_impostor_sd300c_00111,sd300c,impostor_sanity,0,geometric_inlier_count,3.0,0.0,-3.0,False,False,True,False,False,False,True,True,False,948.4224,0.0,1.0,-5.0,-3.0
pilot_impostor_sd300c_00112,sd300c,impostor_sanity,0,geometric_inlier_count,3.0,0.0,-3.0,False,False,True,False,False,False,True,True,False,1068.3438,0.0,0.0,-13.0,-3.0
pilot_impostor_sd300c_00113,sd300c,impostor_sanity,0,geometric_inlier_count,3.0,0.0,-3.0,False,False,True,False,False,False,True,True,False,995.7073,-2627.0,1.0,-10.0,-3.0
pilot_impostor_sd300c_00114,sd300c,impostor_sanity,0,geometric_inlier_count,4.0,0.0,-4.0,False,False,True,False,False,False,True,True,False,1073.4654999999998,0.0,0.0,-18.0,-4.0
pilot_impostor_sd300c_00115,sd300c,impostor_sanity,0,geometric_inlier_count,5.0,0.0,-5.0,False,False,True,False,False,False,True,True,False,1046.8024,-249.0,-1.0,-21.0,-5.0
pilot_impostor_sd300c_00116,sd300c,impostor_sanity,0,geometric_inlier_count,4.0,0.0,-4.0,False,False,True,False,False,False,True,True,False,1006.6559000000001,-443.0,0.0,-17.0,-4.0
pilot_impostor_sd300c_00117,sd300c,impostor_sanity,0,geometric_inlier_count,3.0,0.0,-3.0,False,False,True,False,False,False,True,True,False,965.3403999999999,-495.0,0.0,-10.0,-3.0
pilot_impostor_sd300c_00118,sd300c,impostor_sanity,0,geometric_inlier_count,4.0,2.0,-2.0,False,False,True,False,False,False,False,True,True,1143.8703,0.0,1.0,-40.0,-2.0
pilot_impostor_sd300c_00119,sd300c,impostor_sanity,0,geometric_inlier_count,5.0,0.0,-5.0,False,False,True,False,False,False,True,True,False,1218.5662,1.0,-1.0,-21.0,-5.0
pilot_impostor_sd300c_00120,sd300c,impostor_sanity,0,geometric_inlier_count,4.0,0.0,-4.0,False,False,True,False,False,False,True,True,False,1096.1134,-1193.0,0.0,-19.0,-4.0
pilot_impostor_sd300c_00121,sd300c,impostor_sanity,0,geometric_inlier_count,5.0,0.0,-5.0,False,False,True,False,False,False,True,True,False,1092.5221999999999,0.0,1.0,-42.0,-5.0
pilot_impostor_sd300c_00122,sd300c,impostor_sanity,0,geometric_inlier_count,4.0,0.0,-4.0,False,False,True,False,False,False,True,True,False,1163.6621,-421.0,-1.0,-27.0,-4.0
pilot_impostor_sd300c_00123,sd300c,impostor_sanity,0,geometric_inlier_count,3.0,2.0,-1.0,False,False,True,False,False,False,False,True,True,1123.7908000000002,0.0,0.0,-3.0,-1.0
pilot_impostor_sd300c_00124,sd300c,impostor_sanity,0,geometric_inlier_count,4.0,2.0,-2.0,False,False,True,False,False,False,False,True,True,1138.4542,1.0,0.0,-15.0,-2.0
pilot_impostor_sd300c_00125,sd300c,impostor_sanity,0,geometric_inlier_count,3.0,0.0,-3.0,False,False,True,False,False,False,True,True,False,1044.801,-413.0,-1.0,-14.0,-3.0
pilot_impostor_sd300c_00126,sd300c,impostor_sanity,0,geometric_inlier_count,5.0,2.0,-3.0,False,False,True,False,False,False,False,True,True,1332.8633,0.0,1.0,-14.0,-3.0
pilot_impostor_sd300c_00127,sd300c,impostor_sanity,0,geometric_inlier_count,5.0,0.0,-5.0,False,False,True,False,False,False,True,True,False,1109.8982999999998,0.0,0.0,-18.0,-5.0
pilot_impostor_sd300c_00128,sd300c,impostor_sanity,0,geometric_inlier_count,4.0,0.0,-4.0,False,False,True,False,False,False,True,True,False,1100.0407,0.0,0.0,-17.0,-4.0
pilot_impostor_sd300c_00129,sd300c,impostor_sanity,0,geometric_inlier_count,4.0,0.0,-4.0,False,False,True,False,False,False,True,True,False,1262.4379999999999,0.0,0.0,-4.0,-4.0
pilot_impostor_sd300c_00130,sd300c,impostor_sanity,0,geometric_inlier_count,4.0,3.0,-1.0,False,False,True,False,False,False,False,True,True,1489.9362,0.0,-1.0,-12.0,-1.0
pilot_impostor_sd300c_00131,sd300c,impostor_sanity,0,geometric_inlier_count,3.0,0.0,-3.0,False,False,True,False,False,False,True,True,False,1183.1871999999998,0.0,0.0,-14.0,-3.0
pilot_impostor_sd300c_00132,sd300c,impostor_sanity,0,geometric_inlier_count,3.0,2.0,-1.0,False,False,True,False,False,False,False,True,True,1122.8898000000002,0.0,0.0,-13.0,-1.0
pilot_impostor_sd300c_00133,sd300c,impostor_sanity,0,geometric_inlier_count,3.0,2.0,-1.0,False,False,True,False,False,False,False,True,True,1342.1069,0.0,1.0,0.0,-1.0
pilot_impostor_sd300c_00134,sd300c,impostor_sanity,0,geometric_inlier_count,4.0,0.0,-4.0,False,False,True,False,False,False,True,True,False,1077.9113,1.0,1.0,-33.0,-4.0
pilot_impostor_sd300c_00135,sd300c,impostor_sanity,0,geometric_inlier_count,4.0,0.0,-4.0,False,False,True,False,False,False,True,True,False,1046.2818,0.0,0.0,-19.0,-4.0
pilot_impostor_sd300c_00136,sd300c,impostor_sanity,0,geometric_inlier_count,3.0,0.0,-3.0,False,False,True,False,False,False,True,True,False,1116.8913,0.0,1.0,-11.0,-3.0
pilot_impostor_sd300c_00137,sd300c,impostor_sanity,0,geometric_inlier_count,6.0,0.0,-6.0,False,False,True,False,False,False,True,True,False,1076.8503,0.0,0.0,-22.0,-6.0
pilot_impostor_sd300c_00138,sd300c,impostor_sanity,0,geometric_inlier_count,3.0,2.0,-1.0,False,False,True,False,False,False,False,True,True,1063.3955,-863.0,0.0,-5.0,-1.0
pilot_impostor_sd300c_00139,sd300c,impostor_sanity,0,geometric_inlier_count,3.0,0.0,-3.0,False,False,True,False,False,False,True,True,False,1299.9536,0.0,0.0,-10.0,-3.0
pilot_impostor_sd300c_00140,sd300c,impostor_sanity,0,geometric_inlier_count,5.0,0.0,-5.0,False,False,True,False,False,False,True,True,False,1491.6586,-1.0,0.0,-21.0,-5.0
pilot_impostor_sd300c_00141,sd300c,impostor_sanity,0,geometric_inlier_count,4.0,2.0,-2.0,False,False,True,False,False,False,False,True,True,1620.3147,0.0,1.0,-12.0,-2.0
pilot_impostor_sd300c_00142,sd300c,impostor_sanity,0,geometric_inlier_count,5.0,0.0,-5.0,False,False,True,False,False,False,True,True,False,1066.589,0.0,0.0,-31.0,-5.0
pilot_impostor_sd300c_00143,sd300c,impostor_sanity,0,geometric_inlier_count,4.0,0.0,-4.0,False,False,True,False,False,False,True,True,False,1006.1486,-654.0,0.0,-11.0,-4.0
pilot_impostor_sd300c_00144,sd300c,impostor_sanity,0,geometric_inlier_count,3.0,0.0,-3.0,False,False,True,False,False,False,True,True,False,1514.4171999999999,1.0,0.0,-22.0,-3.0
pilot_impostor_sd300c_00145,sd300c,impostor_sanity,0,geometric_inlier_count,3.0,0.0,-3.0,False,False,True,False,False,False,True,True,False,1191.4646,0.0,1.0,-11.0,-3.0
pilot_impostor_sd300c_00146,sd300c,impostor_sanity,0,geometric_inlier_count,3.0,2.0,-1.0,False,False,True,False,False,False,False,True,True,1056.2325999999998,0.0,-1.0,-9.0,-1.0
pilot_impostor_sd300c_00147,sd300c,impostor_sanity,0,geometric_inlier_count,3.0,0.0,-3.0,False,False,True,False,False,False,True,True,False,1030.0426,0.0,0.0,-4.0,-3.0
pilot_impostor_sd300c_00148,sd300c,impostor_sanity,0,geometric_inlier_count,5.0,0.0,-5.0,False,False,True,False,False,False,True,True,False,1099.2196000000001,0.0,0.0,-28.0,-5.0
pilot_impostor_sd300c_00149,sd300c,impostor_sanity,0,geometric_inlier_count,3.0,2.0,-1.0,False,False,True,False,False,False,False,True,True,1115.6228,1.0,0.0,-12.0,-1.0
pilot_impostor_sd300c_00150,sd300c,impostor_sanity,0,geometric_inlier_count,4.0,0.0,-4.0,False,False,True,False,False,False,True,True,False,1132.0592000000001,0.0,0.0,-9.0,-4.0
pilot_impostor_sd300c_00151,sd300c,impostor_sanity,0,geometric_inlier_count,3.0,0.0,-3.0,False,False,True,False,False,False,True,True,False,1274.5739,-1.0,0.0,-9.0,-3.0
pilot_impostor_sd300c_00152,sd300c,impostor_sanity,0,geometric_inlier_count,4.0,0.0,-4.0,False,False,True,False,False,False,True,True,False,683.4249,-1059.0,1.0,-12.0,-4.0
pilot_impostor_sd300c_00153,sd300c,impostor_sanity,0,geometric_inlier_count,4.0,2.0,-2.0,False,False,True,False,False,False,False,True,True,1043.8896,0.0,0.0,-20.0,-2.0
pilot_impostor_sd300c_00154,sd300c,impostor_sanity,0,geometric_inlier_count,4.0,0.0,-4.0,False,False,True,False,False,False,True,True,False,1264.016,0.0,-1.0,-12.0,-4.0
pilot_impostor_sd300c_00155,sd300c,impostor_sanity,0,geometric_inlier_count,3.0,0.0,-3.0,False,False,True,False,False,False,True,True,False,1109.6369,0.0,0.0,-3.0,-3.0
pilot_impostor_sd300c_00156,sd300c,impostor_sanity,0,geometric_inlier_count,5.0,0.0,-5.0,False,False,True,False,False,False,True,True,False,890.9127000000001,0.0,0.0,-12.0,-5.0
pilot_impostor_sd300c_00157,sd300c,impostor_sanity,0,geometric_inlier_count,3.0,0.0,-3.0,False,False,True,False,False,False,True,True,False,1190.8655999999999,0.0,0.0,-8.0,-3.0
pilot_impostor_sd300c_00158,sd300c,impostor_sanity,0,geometric_inlier_count,4.0,0.0,-4.0,False,False,True,False,False,False,True,True,False,972.0201999999999,-2776.0,-1.0,-9.0,-4.0
pilot_impostor_sd300c_00159,sd300c,impostor_sanity,0,geometric_inlier_count,3.0,0.0,-3.0,False,False,True,False,False,False,True,True,False,1040.8962999999999,-1939.0,0.0,-15.0,-3.0
pilot_impostor_sd300c_00160,sd300c,impostor_sanity,0,geometric_inlier_count,4.0,0.0,-4.0,False,False,True,False,False,False,True,True,False,734.1578,1.0,0.0,-16.0,-4.0
pilot_impostor_sd300c_00161,sd300c,impostor_sanity,0,geometric_inlier_count,3.0,0.0,-3.0,False,False,True,False,False,False,True,True,False,1184.7808,0.0,0.0,-7.0,-3.0
pilot_impostor_sd300c_00162,sd300c,impostor_sanity,0,geometric_inlier_count,5.0,2.0,-3.0,False,False,True,False,False,False,False,True,True,1071.7113000000002,0.0,-1.0,-18.0,-3.0
pilot_impostor_sd300c_00163,sd300c,impostor_sanity,0,geometric_inlier_count,5.0,0.0,-5.0,False,False,True,False,False,False,True,True,False,1071.0203,-1097.0,0.0,-13.0,-5.0
pilot_impostor_sd300c_00164,sd300c,impostor_sanity,0,geometric_inlier_count,4.0,0.0,-4.0,False,False,True,False,False,False,True,True,False,1133.7685,0.0,0.0,-19.0,-4.0
pilot_impostor_sd300c_00165,sd300c,impostor_sanity,0,geometric_inlier_count,4.0,0.0,-4.0,False,False,True,False,False,False,True,True,False,1077.0938999999998,-396.0,1.0,-12.0,-4.0
pilot_impostor_sd300c_00166,sd300c,impostor_sanity,0,geometric_inlier_count,3.0,0.0,-3.0,False,False,True,False,False,False,True,True,False,1001.0133000000001,0.0,0.0,-11.0,-3.0
pilot_impostor_sd300c_00167,sd300c,impostor_sanity,0,geometric_inlier_count,3.0,0.0,-3.0,False,False,True,False,False,False,True,True,False,1131.6836,0.0,-2.0,-6.0,-3.0
pilot_impostor_sd300c_00168,sd300c,impostor_sanity,0,geometric_inlier_count,4.0,0.0,-4.0,False,False,True,False,False,False,True,True,False,1455.7350999999999,1.0,0.0,-18.0,-4.0
pilot_impostor_sd300c_00169,sd300c,impostor_sanity,0,geometric_inlier_count,3.0,0.0,-3.0,False,False,True,False,False,False,True,True,False,1309.0014,0.0,0.0,-6.0,-3.0
pilot_impostor_sd300c_00170,sd300c,impostor_sanity,0,geometric_inlier_count,3.0,0.0,-3.0,False,False,True,False,False,False,True,True,False,989.4352000000001,-1424.0,0.0,-5.0,-3.0
pilot_impostor_sd300c_00171,sd300c,impostor_sanity,0,geometric_inlier_count,6.0,0.0,-6.0,False,False,True,False,False,False,True,True,False,1514.3898,0.0,0.0,-37.0,-6.0
pilot_impostor_sd300c_00172,sd300c,impostor_sanity,0,geometric_inlier_count,4.0,2.0,-2.0,False,False,True,False,False,False,False,True,True,993.1063000000001,-1368.0,-1.0,-18.0,-2.0
pilot_impostor_sd300c_00173,sd300c,impostor_sanity,0,geometric_inlier_count,0.0,0.0,0.0,False,False,True,False,False,False,False,False,False,999.7240999999999,0.0,0.0,-15.0,0.0
pilot_impostor_sd300c_00174,sd300c,impostor_sanity,0,geometric_inlier_count,4.0,2.0,-2.0,False,False,True,False,False,False,False,True,True,1151.9358,1.0,0.0,-18.0,-2.0
pilot_impostor_sd300c_00175,sd300c,impostor_sanity,0,geometric_inlier_count,5.0,0.0,-5.0,False,False,True,False,False,False,True,True,False,1166.6931000000002,0.0,0.0,-25.0,-5.0
pilot_impostor_sd300c_00176,sd300c,impostor_sanity,0,geometric_inlier_count,3.0,0.0,-3.0,False,False,True,False,False,False,True,True,False,980.0464000000001,-1581.0,1.0,-11.0,-3.0
pilot_impostor_sd300c_00177,sd300c,impostor_sanity,0,geometric_inlier_count,4.0,3.0,-1.0,False,False,True,False,False,False,False,True,True,1232.2574,1.0,0.0,-5.0,-1.0
pilot_impostor_sd300c_00178,sd300c,impostor_sanity,0,geometric_inlier_count,4.0,3.0,-1.0,False,False,True,False,False,False,False,True,True,1285.0836,0.0,0.0,-8.0,-1.0
pilot_impostor_sd300c_00179,sd300c,impostor_sanity,0,geometric_inlier_count,6.0,0.0,-6.0,False,False,True,False,False,False,True,True,False,1112.3983,0.0,0.0,-27.0,-6.0
pilot_impostor_sd300c_00180,sd300c,impostor_sanity,0,geometric_inlier_count,3.0,0.0,-3.0,False,False,True,False,False,False,True,True,False,1013.5557000000001,-764.0,0.0,-10.0,-3.0
pilot_impostor_sd300c_00181,sd300c,impostor_sanity,0,geometric_inlier_count,4.0,2.0,-2.0,False,False,True,False,False,False,False,True,True,1128.9273,-1.0,0.0,-10.0,-2.0
pilot_impostor_sd300c_00182,sd300c,impostor_sanity,0,geometric_inlier_count,4.0,0.0,-4.0,False,False,True,False,False,False,True,True,False,1128.0605,-723.0,0.0,-18.0,-4.0
pilot_impostor_sd300c_00183,sd300c,impostor_sanity,0,geometric_inlier_count,5.0,0.0,-5.0,False,False,True,False,False,False,True,True,False,1420.6016,1.0,0.0,-11.0,-5.0
pilot_impostor_sd300c_00184,sd300c,impostor_sanity,0,geometric_inlier_count,5.0,0.0,-5.0,False,False,True,False,False,False,True,True,False,1206.6615000000002,-1.0,0.0,-31.0,-5.0
pilot_impostor_sd300c_00185,sd300c,impostor_sanity,0,geometric_inlier_count,4.0,2.0,-2.0,False,False,True,False,False,False,False,True,True,1111.2894999999999,0.0,0.0,-19.0,-2.0
pilot_impostor_sd300c_00186,sd300c,impostor_sanity,0,geometric_inlier_count,3.0,0.0,-3.0,False,False,True,False,False,False,True,True,False,1098.7691,-1448.0,0.0,-11.0,-3.0
pilot_impostor_sd300c_00187,sd300c,impostor_sanity,0,geometric_inlier_count,4.0,0.0,-4.0,False,False,True,False,False,False,True,True,False,853.6936,0.0,0.0,-17.0,-4.0
pilot_impostor_sd300c_00188,sd300c,impostor_sanity,0,geometric_inlier_count,3.0,2.0,-1.0,False,False,True,False,False,False,False,True,True,1080.4684,-2438.0,0.0,-3.0,-1.0
pilot_impostor_sd300c_00189,sd300c,impostor_sanity,0,geometric_inlier_count,3.0,0.0,-3.0,False,False,True,False,False,False,True,True,False,1490.9874,0.0,0.0,-8.0,-3.0
pilot_impostor_sd300c_00190,sd300c,impostor_sanity,0,geometric_inlier_count,3.0,0.0,-3.0,False,False,True,False,False,False,True,True,False,1039.7679,0.0,0.0,-11.0,-3.0
pilot_impostor_sd300c_00191,sd300c,impostor_sanity,0,geometric_inlier_count,3.0,0.0,-3.0,False,False,True,False,False,False,True,True,False,1050.6580000000001,1.0,-1.0,-11.0,-3.0
pilot_impostor_sd300c_00192,sd300c,impostor_sanity,0,geometric_inlier_count,3.0,0.0,-3.0,False,False,True,False,False,False,True,True,False,1405.5244,1.0,0.0,-7.0,-3.0
pilot_impostor_sd300c_00193,sd300c,impostor_sanity,0,geometric_inlier_count,4.0,2.0,-2.0,False,False,True,False,False,False,False,True,True,1212.4723,0.0,-1.0,-15.0,-2.0
pilot_impostor_sd300c_00194,sd300c,impostor_sanity,0,geometric_inlier_count,6.0,2.0,-4.0,False,False,True,False,False,False,False,True,True,1373.8883999999998,0.0,-1.0,-14.0,-4.0
pilot_impostor_sd300c_00195,sd300c,impostor_sanity,0,geometric_inlier_count,3.0,2.0,-1.0,False,False,True,False,False,False,False,True,True,1113.6087,0.0,-1.0,-1.0,-1.0
pilot_impostor_sd300c_00196,sd300c,impostor_sanity,0,geometric_inlier_count,4.0,0.0,-4.0,False,False,True,False,False,False,True,True,False,1379.6113,0.0,0.0,-12.0,-4.0
pilot_impostor_sd300c_00197,sd300c,impostor_sanity,0,geometric_inlier_count,3.0,0.0,-3.0,False,False,True,False,False,False,True,True,False,1021.9543999999999,-1.0,1.0,-7.0,-3.0
pilot_impostor_sd300c_00198,sd300c,impostor_sanity,0,geometric_inlier_count,3.0,0.0,-3.0,False,False,True,False,False,False,True,True,False,1079.3914,1.0,0.0,-10.0,-3.0
pilot_impostor_sd300c_00199,sd300c,impostor_sanity,0,geometric_inlier_count,4.0,0.0,-4.0,False,False,True,False,False,False,True,True,False,985.1311000000001,1.0,0.0,-14.0,-4.0
pilot_impostor_sd300c_00200,sd300c,impostor_sanity,0,geometric_inlier_count,3.0,0.0,-3.0,False,False,True,False,False,False,True,True,False,1010.9456000000001,-1638.0,-1.0,-11.0,-3.0
