pair_id,dataset,protocol,subject_id,canonical_finger_position,ppi,raw_frgp_a,raw_frgp_b,path_a,path_b
sd300b_roll_self_00001002_06,sd300b,roll_self,00001002,6,1000,6,6,C:\fingerprint-datasets\NIST\sd300b\images\1000\png\roll\00001002_roll_1000_06.png,C:\fingerprint-datasets\NIST\sd300b\images\1000\png\roll\00001002_roll_1000_06.png
sd300b_roll_self_00001002_09,sd300b,roll_self,00001002,9,1000,9,9,C:\fingerprint-datasets\NIST\sd300b\images\1000\png\roll\00001002_roll_1000_09.png,C:\fingerprint-datasets\NIST\sd300b\images\1000\png\roll\00001002_roll_1000_09.png
sd300b_roll_self_00001019_05,sd300b,roll_self,00001019,5,1000,5,5,C:\fingerprint-datasets\NIST\sd300b\images\1000\png\roll\00001019_roll_1000_05.png,C:\fingerprint-datasets\NIST\sd300b\images\1000\png\roll\00001019_roll_1000_05.png
sd300b_roll_self_00001019_08,sd300b,roll_self,00001019,8,1000,8,8,C:\fingerprint-datasets\NIST\sd300b\images\1000\png\roll\00001019_roll_1000_08.png,C:\fingerprint-datasets\NIST\sd300b\images\1000\png\roll\00001019_roll_1000_08.png
sd300b_roll_self_00001019_10,sd300b,roll_self,00001019,10,1000,10,10,C:\fingerprint-datasets\NIST\sd300b\images\1000\png\roll\00001019_roll_1000_10.png,C:\fingerprint-datasets\NIST\sd300b\images\1000\png\roll\00001019_roll_1000_10.png
sd300b_roll_self_00001024_08,sd300b,roll_self,00001024,8,1000,8,8,C:\fingerprint-datasets\NIST\sd300b\images\1000\png\roll\00001024_roll_1000_08.png,C:\fingerprint-datasets\NIST\sd300b\images\1000\png\roll\00001024_roll_1000_08.png
sd300b_roll_self_00001034_04,sd300b,roll_self,00001034,4,1000,4,4,C:\fingerprint-datasets\NIST\sd300b\images\1000\png\roll\00001034_roll_1000_04.png,C:\fingerprint-datasets\NIST\sd300b\images\1000\png\roll\00001034_roll_1000_04.png
sd300b_roll_self_00001052_07,sd300b,roll_self,00001052,7,1000,7,7,C:\fingerprint-datasets\NIST\sd300b\images\1000\png\roll\00001052_roll_1000_07.png,C:\fingerprint-datasets\NIST\sd300b\images\1000\png\roll\00001052_roll_1000_07.png
sd300b_roll_self_00001054_03,sd300b,roll_self,00001054,3,1000,3,3,C:\fingerprint-datasets\NIST\sd300b\images\1000\png\roll\00001054_roll_1000_03.png,C:\fingerprint-datasets\NIST\sd300b\images\1000\png\roll\00001054_roll_1000_03.png
sd300b_roll_self_00001063_07,sd300b,roll_self,00001063,7,1000,7,7,C:\fingerprint-datasets\NIST\sd300b\images\1000\png\roll\00001063_roll_1000_07.png,C:\fingerprint-datasets\NIST\sd300b\images\1000\png\roll\00001063_roll_1000_07.png
sd300b_roll_self_00001080_02,sd300b,roll_self,00001080,2,1000,2,2,C:\fingerprint-datasets\NIST\sd300b\images\1000\png\roll\00001080_roll_1000_02.png,C:\fingerprint-datasets\NIST\sd300b\images\1000\png\roll\00001080_roll_1000_02.png
sd300b_roll_self_00001081_10,sd300b,roll_self,00001081,10,1000,10,10,C:\fingerprint-datasets\NIST\sd300b\images\1000\png\roll\00001081_roll_1000_10.png,C:\fingerprint-datasets\NIST\sd300b\images\1000\png\roll\00001081_roll_1000_10.png
sd300b_roll_self_00001085_06,sd300b,roll_self,00001085,6,1000,6,6,C:\fingerprint-datasets\NIST\sd300b\images\1000\png\roll\00001085_roll_1000_06.png,C:\fingerprint-datasets\NIST\sd300b\images\1000\png\roll\00001085_roll_1000_06.png
sd300b_roll_self_00001085_07,sd300b,roll_self,00001085,7,1000,7,7,C:\fingerprint-datasets\NIST\sd300b\images\1000\png\roll\00001085_roll_1000_07.png,C:\fingerprint-datasets\NIST\sd300b\images\1000\png\roll\00001085_roll_1000_07.png
sd300b_roll_self_00001108_02,sd300b,roll_self,00001108,2,1000,2,2,C:\fingerprint-datasets\NIST\sd300b\images\1000\png\roll\00001108_roll_1000_02.png,C:\fingerprint-datasets\NIST\sd300b\images\1000\png\roll\00001108_roll_1000_02.png
sd300b_roll_self_00001111_01,sd300b,roll_self,00001111,1,1000,1,1,C:\fingerprint-datasets\NIST\sd300b\images\1000\png\roll\00001111_roll_1000_01.png,C:\fingerprint-datasets\NIST\sd300b\images\1000\png\roll\00001111_roll_1000_01.png
sd300b_roll_self_00001111_02,sd300b,roll_self,00001111,2,1000,2,2,C:\fingerprint-datasets\NIST\sd300b\images\1000\png\roll\00001111_roll_1000_02.png,C:\fingerprint-datasets\NIST\sd300b\images\1000\png\roll\00001111_roll_1000_02.png
sd300b_roll_self_00001111_03,sd300b,roll_self,00001111,3,1000,3,3,C:\fingerprint-datasets\NIST\sd300b\images\1000\png\roll\00001111_roll_1000_03.png,C:\fingerprint-datasets\NIST\sd300b\images\1000\png\roll\00001111_roll_1000_03.png
sd300b_roll_self_00001111_04,sd300b,roll_self,00001111,4,1000,4,4,C:\fingerprint-datasets\NIST\sd300b\images\1000\png\roll\00001111_roll_1000_04.png,C:\fingerprint-datasets\NIST\sd300b\images\1000\png\roll\00001111_roll_1000_04.png
sd300b_roll_self_00001111_05,sd300b,roll_self,00001111,5,1000,5,5,C:\fingerprint-datasets\NIST\sd300b\images\1000\png\roll\00001111_roll_1000_05.png,C:\fingerprint-datasets\NIST\sd300b\images\1000\png\roll\00001111_roll_1000_05.png
sd300b_roll_self_00001111_06,sd300b,roll_self,00001111,6,1000,6,6,C:\fingerprint-datasets\NIST\sd300b\images\1000\png\roll\00001111_roll_1000_06.png,C:\fingerprint-datasets\NIST\sd300b\images\1000\png\roll\00001111_roll_1000_06.png
sd300b_roll_self_00001111_07,sd300b,roll_self,00001111,7,1000,7,7,C:\fingerprint-datasets\NIST\sd300b\images\1000\png\roll\00001111_roll_1000_07.png,C:\fingerprint-datasets\NIST\sd300b\images\1000\png\roll\00001111_roll_1000_07.png
sd300b_roll_self_00001111_08,sd300b,roll_self,00001111,8,1000,8,8,C:\fingerprint-datasets\NIST\sd300b\images\1000\png\roll\00001111_roll_1000_08.png,C:\fingerprint-datasets\NIST\sd300b\images\1000\png\roll\00001111_roll_1000_08.png
sd300b_roll_self_00001111_09,sd300b,roll_self,00001111,9,1000,9,9,C:\fingerprint-datasets\NIST\sd300b\images\1000\png\roll\00001111_roll_1000_09.png,C:\fingerprint-datasets\NIST\sd300b\images\1000\png\roll\00001111_roll_1000_09.png
sd300b_roll_self_00001113_03,sd300b,roll_self,00001113,3,1000,3,3,C:\fingerprint-datasets\NIST\sd300b\images\1000\png\roll\00001113_roll_1000_03.png,C:\fingerprint-datasets\NIST\sd300b\images\1000\png\roll\00001113_roll_1000_03.png
sd300b_roll_self_00001119_02,sd300b,roll_self,00001119,2,1000,2,2,C:\fingerprint-datasets\NIST\sd300b\images\1000\png\roll\00001119_roll_1000_02.png,C:\fingerprint-datasets\NIST\sd300b\images\1000\png\roll\00001119_roll_1000_02.png
sd300b_roll_self_00001119_03,sd300b,roll_self,00001119,3,1000,3,3,C:\fingerprint-datasets\NIST\sd300b\images\1000\png\roll\00001119_roll_1000_03.png,C:\fingerprint-datasets\NIST\sd300b\images\1000\png\roll\00001119_roll_1000_03.png
sd300b_roll_self_00001119_04,sd300b,roll_self,00001119,4,1000,4,4,C:\fingerprint-datasets\NIST\sd300b\images\1000\png\roll\00001119_roll_1000_04.png,C:\fingerprint-datasets\NIST\sd300b\images\1000\png\roll\00001119_roll_1000_04.png
sd300b_roll_self_00001119_05,sd300b,roll_self,00001119,5,1000,5,5,C:\fingerprint-datasets\NIST\sd300b\images\1000\png\roll\00001119_roll_1000_05.png,C:\fingerprint-datasets\NIST\sd300b\images\1000\png\roll\00001119_roll_1000_05.png
sd300b_roll_self_00001119_06,sd300b,roll_self,00001119,6,1000,6,6,C:\fingerprint-datasets\NIST\sd300b\images\1000\png\roll\00001119_roll_1000_06.png,C:\fingerprint-datasets\NIST\sd300b\images\1000\png\roll\00001119_roll_1000_06.png
sd300b_roll_self_00001119_07,sd300b,roll_self,00001119,7,1000,7,7,C:\fingerprint-datasets\NIST\sd300b\images\1000\png\roll\00001119_roll_1000_07.png,C:\fingerprint-datasets\NIST\sd300b\images\1000\png\roll\00001119_roll_1000_07.png
sd300b_roll_self_00001119_08,sd300b,roll_self,00001119,8,1000,8,8,C:\fingerprint-datasets\NIST\sd300b\images\1000\png\roll\00001119_roll_1000_08.png,C:\fingerprint-datasets\NIST\sd300b\images\1000\png\roll\00001119_roll_1000_08.png
sd300b_roll_self_00001119_09,sd300b,roll_self,00001119,9,1000,9,9,C:\fingerprint-datasets\NIST\sd300b\images\1000\png\roll\00001119_roll_1000_09.png,C:\fingerprint-datasets\NIST\sd300b\images\1000\png\roll\00001119_roll_1000_09.png
sd300b_roll_self_00001119_10,sd300b,roll_self,00001119,10,1000,10,10,C:\fingerprint-datasets\NIST\sd300b\images\1000\png\roll\00001119_roll_1000_10.png,C:\fingerprint-datasets\NIST\sd300b\images\1000\png\roll\00001119_roll_1000_10.png
sd300b_roll_self_00001127_07,sd300b,roll_self,00001127,7,1000,7,7,C:\fingerprint-datasets\NIST\sd300b\images\1000\png\roll\00001127_roll_1000_07.png,C:\fingerprint-datasets\NIST\sd300b\images\1000\png\roll\00001127_roll_1000_07.png
sd300b_roll_self_00001134_03,sd300b,roll_self,00001134,3,1000,3,3,C:\fingerprint-datasets\NIST\sd300b\images\1000\png\roll\00001134_roll_1000_03.png,C:\fingerprint-datasets\NIST\sd300b\images\1000\png\roll\00001134_roll_1000_03.png
sd300b_roll_self_00001137_03,sd300b,roll_self,00001137,3,1000,3,3,C:\fingerprint-datasets\NIST\sd300b\images\1000\png\roll\00001137_roll_1000_03.png,C:\fingerprint-datasets\NIST\sd300b\images\1000\png\roll\00001137_roll_1000_03.png
sd300b_roll_self_00001137_09,sd300b,roll_self,00001137,9,1000,9,9,C:\fingerprint-datasets\NIST\sd300b\images\1000\png\roll\00001137_roll_1000_09.png,C:\fingerprint-datasets\NIST\sd300b\images\1000\png\roll\00001137_roll_1000_09.png
sd300b_roll_self_00001141_03,sd300b,roll_self,00001141,3,1000,3,3,C:\fingerprint-datasets\NIST\sd300b\images\1000\png\roll\00001141_roll_1000_03.png,C:\fingerprint-datasets\NIST\sd300b\images\1000\png\roll\00001141_roll_1000_03.png
sd300b_roll_self_00001141_04,sd300b,roll_self,00001141,4,1000,4,4,C:\fingerprint-datasets\NIST\sd300b\images\1000\png\roll\00001141_roll_1000_04.png,C:\fingerprint-datasets\NIST\sd300b\images\1000\png\roll\00001141_roll_1000_04.png
sd300b_roll_self_00001141_05,sd300b,roll_self,00001141,5,1000,5,5,C:\fingerprint-datasets\NIST\sd300b\images\1000\png\roll\00001141_roll_1000_05.png,C:\fingerprint-datasets\NIST\sd300b\images\1000\png\roll\00001141_roll_1000_05.png
sd300b_roll_self_00001141_08,sd300b,roll_self,00001141,8,1000,8,8,C:\fingerprint-datasets\NIST\sd300b\images\1000\png\roll\00001141_roll_1000_08.png,C:\fingerprint-datasets\NIST\sd300b\images\1000\png\roll\00001141_roll_1000_08.png
sd300b_roll_self_00001141_09,sd300b,roll_self,00001141,9,1000,9,9,C:\fingerprint-datasets\NIST\sd300b\images\1000\png\roll\00001141_roll_1000_09.png,C:\fingerprint-datasets\NIST\sd300b\images\1000\png\roll\00001141_roll_1000_09.png
sd300b_roll_self_00001141_10,sd300b,roll_self,00001141,10,1000,10,10,C:\fingerprint-datasets\NIST\sd300b\images\1000\png\roll\00001141_roll_1000_10.png,C:\fingerprint-datasets\NIST\sd300b\images\1000\png\roll\00001141_roll_1000_10.png
sd300b_roll_self_00001145_10,sd300b,roll_self,00001145,10,1000,10,10,C:\fingerprint-datasets\NIST\sd300b\images\1000\png\roll\00001145_roll_1000_10.png,C:\fingerprint-datasets\NIST\sd300b\images\1000\png\roll\00001145_roll_1000_10.png
sd300b_roll_self_00001153_10,sd300b,roll_self,00001153,10,1000,10,10,C:\fingerprint-datasets\NIST\sd300b\images\1000\png\roll\00001153_roll_1000_10.png,C:\fingerprint-datasets\NIST\sd300b\images\1000\png\roll\00001153_roll_1000_10.png
sd300b_roll_self_00001154_01,sd300b,roll_self,00001154,1,1000,1,1,C:\fingerprint-datasets\NIST\sd300b\images\1000\png\roll\00001154_roll_1000_01.png,C:\fingerprint-datasets\NIST\sd300b\images\1000\png\roll\00001154_roll_1000_01.png
sd300b_roll_self_00001172_07,sd300b,roll_self,00001172,7,1000,7,7,C:\fingerprint-datasets\NIST\sd300b\images\1000\png\roll\00001172_roll_1000_07.png,C:\fingerprint-datasets\NIST\sd300b\images\1000\png\roll\00001172_roll_1000_07.png
sd300b_roll_self_00001173_01,sd300b,roll_self,00001173,1,1000,1,1,C:\fingerprint-datasets\NIST\sd300b\images\1000\png\roll\00001173_roll_1000_01.png,C:\fingerprint-datasets\NIST\sd300b\images\1000\png\roll\00001173_roll_1000_01.png
sd300b_roll_self_00001186_05,sd300b,roll_self,00001186,5,1000,5,5,C:\fingerprint-datasets\NIST\sd300b\images\1000\png\roll\00001186_roll_1000_05.png,C:\fingerprint-datasets\NIST\sd300b\images\1000\png\roll\00001186_roll_1000_05.png
sd300b_roll_self_00001186_06,sd300b,roll_self,00001186,6,1000,6,6,C:\fingerprint-datasets\NIST\sd300b\images\1000\png\roll\00001186_roll_1000_06.png,C:\fingerprint-datasets\NIST\sd300b\images\1000\png\roll\00001186_roll_1000_06.png
sd300b_roll_self_00001188_09,sd300b,roll_self,00001188,9,1000,9,9,C:\fingerprint-datasets\NIST\sd300b\images\1000\png\roll\00001188_roll_1000_09.png,C:\fingerprint-datasets\NIST\sd300b\images\1000\png\roll\00001188_roll_1000_09.png
sd300b_roll_self_00001194_03,sd300b,roll_self,00001194,3,1000,3,3,C:\fingerprint-datasets\NIST\sd300b\images\1000\png\roll\00001194_roll_1000_03.png,C:\fingerprint-datasets\NIST\sd300b\images\1000\png\roll\00001194_roll_1000_03.png
sd300b_roll_self_00001194_04,sd300b,roll_self,00001194,4,1000,4,4,C:\fingerprint-datasets\NIST\sd300b\images\1000\png\roll\00001194_roll_1000_04.png,C:\fingerprint-datasets\NIST\sd300b\images\1000\png\roll\00001194_roll_1000_04.png
sd300b_roll_self_00001194_05,sd300b,roll_self,00001194,5,1000,5,5,C:\fingerprint-datasets\NIST\sd300b\images\1000\png\roll\00001194_roll_1000_05.png,C:\fingerprint-datasets\NIST\sd300b\images\1000\png\roll\00001194_roll_1000_05.png
sd300b_roll_self_00001194_10,sd300b,roll_self,00001194,10,1000,10,10,C:\fingerprint-datasets\NIST\sd300b\images\1000\png\roll\00001194_roll_1000_10.png,C:\fingerprint-datasets\NIST\sd300b\images\1000\png\roll\00001194_roll_1000_10.png
sd300b_roll_self_00001204_09,sd300b,roll_self,00001204,9,1000,9,9,C:\fingerprint-datasets\NIST\sd300b\images\1000\png\roll\00001204_roll_1000_09.png,C:\fingerprint-datasets\NIST\sd300b\images\1000\png\roll\00001204_roll_1000_09.png
sd300b_roll_self_00001204_10,sd300b,roll_self,00001204,10,1000,10,10,C:\fingerprint-datasets\NIST\sd300b\images\1000\png\roll\00001204_roll_1000_10.png,C:\fingerprint-datasets\NIST\sd300b\images\1000\png\roll\00001204_roll_1000_10.png
sd300b_roll_self_00001206_01,sd300b,roll_self,00001206,1,1000,1,1,C:\fingerprint-datasets\NIST\sd300b\images\1000\png\roll\00001206_roll_1000_01.png,C:\fingerprint-datasets\NIST\sd300b\images\1000\png\roll\00001206_roll_1000_01.png
sd300b_roll_self_00001223_10,sd300b,roll_self,00001223,10,1000,10,10,C:\fingerprint-datasets\NIST\sd300b\images\1000\png\roll\00001223_roll_1000_10.png,C:\fingerprint-datasets\NIST\sd300b\images\1000\png\roll\00001223_roll_1000_10.png
sd300b_roll_self_00001224_05,sd300b,roll_self,00001224,5,1000,5,5,C:\fingerprint-datasets\NIST\sd300b\images\1000\png\roll\00001224_roll_1000_05.png,C:\fingerprint-datasets\NIST\sd300b\images\1000\png\roll\00001224_roll_1000_05.png
sd300b_roll_self_00001231_07,sd300b,roll_self,00001231,7,1000,7,7,C:\fingerprint-datasets\NIST\sd300b\images\1000\png\roll\00001231_roll_1000_07.png,C:\fingerprint-datasets\NIST\sd300b\images\1000\png\roll\00001231_roll_1000_07.png
sd300b_roll_self_00001232_01,sd300b,roll_self,00001232,1,1000,1,1,C:\fingerprint-datasets\NIST\sd300b\images\1000\png\roll\00001232_roll_1000_01.png,C:\fingerprint-datasets\NIST\sd300b\images\1000\png\roll\00001232_roll_1000_01.png
sd300b_roll_self_00001232_04,sd300b,roll_self,00001232,4,1000,4,4,C:\fingerprint-datasets\NIST\sd300b\images\1000\png\roll\00001232_roll_1000_04.png,C:\fingerprint-datasets\NIST\sd300b\images\1000\png\roll\00001232_roll_1000_04.png
sd300b_roll_self_00001232_05,sd300b,roll_self,00001232,5,1000,5,5,C:\fingerprint-datasets\NIST\sd300b\images\1000\png\roll\00001232_roll_1000_05.png,C:\fingerprint-datasets\NIST\sd300b\images\1000\png\roll\00001232_roll_1000_05.png
sd300b_roll_self_00001233_09,sd300b,roll_self,00001233,9,1000,9,9,C:\fingerprint-datasets\NIST\sd300b\images\1000\png\roll\00001233_roll_1000_09.png,C:\fingerprint-datasets\NIST\sd300b\images\1000\png\roll\00001233_roll_1000_09.png
sd300b_roll_self_00001241_03,sd300b,roll_self,00001241,3,1000,3,3,C:\fingerprint-datasets\NIST\sd300b\images\1000\png\roll\00001241_roll_1000_03.png,C:\fingerprint-datasets\NIST\sd300b\images\1000\png\roll\00001241_roll_1000_03.png
sd300b_roll_self_00001243_02,sd300b,roll_self,00001243,2,1000,2,2,C:\fingerprint-datasets\NIST\sd300b\images\1000\png\roll\00001243_roll_1000_02.png,C:\fingerprint-datasets\NIST\sd300b\images\1000\png\roll\00001243_roll_1000_02.png
sd300b_roll_self_00001254_06,sd300b,roll_self,00001254,6,1000,6,6,C:\fingerprint-datasets\NIST\sd300b\images\1000\png\roll\00001254_roll_1000_06.png,C:\fingerprint-datasets\NIST\sd300b\images\1000\png\roll\00001254_roll_1000_06.png
sd300b_roll_self_00001260_06,sd300b,roll_self,00001260,6,1000,6,6,C:\fingerprint-datasets\NIST\sd300b\images\1000\png\roll\00001260_roll_1000_06.png,C:\fingerprint-datasets\NIST\sd300b\images\1000\png\roll\00001260_roll_1000_06.png
sd300b_roll_self_00001266_06,sd300b,roll_self,00001266,6,1000,6,6,C:\fingerprint-datasets\NIST\sd300b\images\1000\png\roll\00001266_roll_1000_06.png,C:\fingerprint-datasets\NIST\sd300b\images\1000\png\roll\00001266_roll_1000_06.png
sd300b_roll_self_00001266_10,sd300b,roll_self,00001266,10,1000,10,10,C:\fingerprint-datasets\NIST\sd300b\images\1000\png\roll\00001266_roll_1000_10.png,C:\fingerprint-datasets\NIST\sd300b\images\1000\png\roll\00001266_roll_1000_10.png
sd300b_roll_self_00001277_02,sd300b,roll_self,00001277,2,1000,2,2,C:\fingerprint-datasets\NIST\sd300b\images\1000\png\roll\00001277_roll_1000_02.png,C:\fingerprint-datasets\NIST\sd300b\images\1000\png\roll\00001277_roll_1000_02.png
sd300b_roll_self_00001281_02,sd300b,roll_self,00001281,2,1000,2,2,C:\fingerprint-datasets\NIST\sd300b\images\1000\png\roll\00001281_roll_1000_02.png,C:\fingerprint-datasets\NIST\sd300b\images\1000\png\roll\00001281_roll_1000_02.png
sd300b_roll_self_00001281_03,sd300b,roll_self,00001281,3,1000,3,3,C:\fingerprint-datasets\NIST\sd300b\images\1000\png\roll\00001281_roll_1000_03.png,C:\fingerprint-datasets\NIST\sd300b\images\1000\png\roll\00001281_roll_1000_03.png
sd300b_roll_self_00001281_04,sd300b,roll_self,00001281,4,1000,4,4,C:\fingerprint-datasets\NIST\sd300b\images\1000\png\roll\00001281_roll_1000_04.png,C:\fingerprint-datasets\NIST\sd300b\images\1000\png\roll\00001281_roll_1000_04.png
sd300b_roll_self_00001281_07,sd300b,roll_self,00001281,7,1000,7,7,C:\fingerprint-datasets\NIST\sd300b\images\1000\png\roll\00001281_roll_1000_07.png,C:\fingerprint-datasets\NIST\sd300b\images\1000\png\roll\00001281_roll_1000_07.png
sd300b_roll_self_00001281_10,sd300b,roll_self,00001281,10,1000,10,10,C:\fingerprint-datasets\NIST\sd300b\images\1000\png\roll\00001281_roll_1000_10.png,C:\fingerprint-datasets\NIST\sd300b\images\1000\png\roll\00001281_roll_1000_10.png
sd300b_roll_self_00001286_09,sd300b,roll_self,00001286,9,1000,9,9,C:\fingerprint-datasets\NIST\sd300b\images\1000\png\roll\00001286_roll_1000_09.png,C:\fingerprint-datasets\NIST\sd300b\images\1000\png\roll\00001286_roll_1000_09.png
sd300b_roll_self_00001299_07,sd300b,roll_self,00001299,7,1000,7,7,C:\fingerprint-datasets\NIST\sd300b\images\1000\png\roll\00001299_roll_1000_07.png,C:\fingerprint-datasets\NIST\sd300b\images\1000\png\roll\00001299_roll_1000_07.png
sd300b_roll_self_00001300_06,sd300b,roll_self,00001300,6,1000,6,6,C:\fingerprint-datasets\NIST\sd300b\images\1000\png\roll\00001300_roll_1000_06.png,C:\fingerprint-datasets\NIST\sd300b\images\1000\png\roll\00001300_roll_1000_06.png
sd300b_roll_self_00001318_05,sd300b,roll_self,00001318,5,1000,5,5,C:\fingerprint-datasets\NIST\sd300b\images\1000\png\roll\00001318_roll_1000_05.png,C:\fingerprint-datasets\NIST\sd300b\images\1000\png\roll\00001318_roll_1000_05.png
sd300b_roll_self_00001318_06,sd300b,roll_self,00001318,6,1000,6,6,C:\fingerprint-datasets\NIST\sd300b\images\1000\png\roll\00001318_roll_1000_06.png,C:\fingerprint-datasets\NIST\sd300b\images\1000\png\roll\00001318_roll_1000_06.png
sd300b_roll_self_00001318_08,sd300b,roll_self,00001318,8,1000,8,8,C:\fingerprint-datasets\NIST\sd300b\images\1000\png\roll\00001318_roll_1000_08.png,C:\fingerprint-datasets\NIST\sd300b\images\1000\png\roll\00001318_roll_1000_08.png
sd300b_roll_self_00001318_09,sd300b,roll_self,00001318,9,1000,9,9,C:\fingerprint-datasets\NIST\sd300b\images\1000\png\roll\00001318_roll_1000_09.png,C:\fingerprint-datasets\NIST\sd300b\images\1000\png\roll\00001318_roll_1000_09.png
sd300b_roll_self_00001318_10,sd300b,roll_self,00001318,10,1000,10,10,C:\fingerprint-datasets\NIST\sd300b\images\1000\png\roll\00001318_roll_1000_10.png,C:\fingerprint-datasets\NIST\sd300b\images\1000\png\roll\00001318_roll_1000_10.png
sd300b_roll_self_00001347_04,sd300b,roll_self,00001347,4,1000,4,4,C:\fingerprint-datasets\NIST\sd300b\images\1000\png\roll\00001347_roll_1000_04.png,C:\fingerprint-datasets\NIST\sd300b\images\1000\png\roll\00001347_roll_1000_04.png
sd300b_roll_self_00001347_07,sd300b,roll_self,00001347,7,1000,7,7,C:\fingerprint-datasets\NIST\sd300b\images\1000\png\roll\00001347_roll_1000_07.png,C:\fingerprint-datasets\NIST\sd300b\images\1000\png\roll\00001347_roll_1000_07.png
sd300b_roll_self_00001349_03,sd300b,roll_self,00001349,3,1000,3,3,C:\fingerprint-datasets\NIST\sd300b\images\1000\png\roll\00001349_roll_1000_03.png,C:\fingerprint-datasets\NIST\sd300b\images\1000\png\roll\00001349_roll_1000_03.png
sd300b_roll_self_00001351_06,sd300b,roll_self,00001351,6,1000,6,6,C:\fingerprint-datasets\NIST\sd300b\images\1000\png\roll\00001351_roll_1000_06.png,C:\fingerprint-datasets\NIST\sd300b\images\1000\png\roll\00001351_roll_1000_06.png
sd300b_roll_self_00001355_10,sd300b,roll_self,00001355,10,1000,10,10,C:\fingerprint-datasets\NIST\sd300b\images\1000\png\roll\00001355_roll_1000_10.png,C:\fingerprint-datasets\NIST\sd300b\images\1000\png\roll\00001355_roll_1000_10.png
sd300b_roll_self_00001362_02,sd300b,roll_self,00001362,2,1000,2,2,C:\fingerprint-datasets\NIST\sd300b\images\1000\png\roll\00001362_roll_1000_02.png,C:\fingerprint-datasets\NIST\sd300b\images\1000\png\roll\00001362_roll_1000_02.png
sd300b_roll_self_00001362_10,sd300b,roll_self,00001362,10,1000,10,10,C:\fingerprint-datasets\NIST\sd300b\images\1000\png\roll\00001362_roll_1000_10.png,C:\fingerprint-datasets\NIST\sd300b\images\1000\png\roll\00001362_roll_1000_10.png
sd300b_roll_self_00001364_07,sd300b,roll_self,00001364,7,1000,7,7,C:\fingerprint-datasets\NIST\sd300b\images\1000\png\roll\00001364_roll_1000_07.png,C:\fingerprint-datasets\NIST\sd300b\images\1000\png\roll\00001364_roll_1000_07.png
sd300b_roll_self_00001379_01,sd300b,roll_self,00001379,1,1000,1,1,C:\fingerprint-datasets\NIST\sd300b\images\1000\png\roll\00001379_roll_1000_01.png,C:\fingerprint-datasets\NIST\sd300b\images\1000\png\roll\00001379_roll_1000_01.png
sd300b_roll_self_00001384_10,sd300b,roll_self,00001384,10,1000,10,10,C:\fingerprint-datasets\NIST\sd300b\images\1000\png\roll\00001384_roll_1000_10.png,C:\fingerprint-datasets\NIST\sd300b\images\1000\png\roll\00001384_roll_1000_10.png
sd300b_roll_self_00001401_06,sd300b,roll_self,00001401,6,1000,6,6,C:\fingerprint-datasets\NIST\sd300b\images\1000\png\roll\00001401_roll_1000_06.png,C:\fingerprint-datasets\NIST\sd300b\images\1000\png\roll\00001401_roll_1000_06.png
sd300b_roll_self_00001403_02,sd300b,roll_self,00001403,2,1000,2,2,C:\fingerprint-datasets\NIST\sd300b\images\1000\png\roll\00001403_roll_1000_02.png,C:\fingerprint-datasets\NIST\sd300b\images\1000\png\roll\00001403_roll_1000_02.png
sd300b_roll_self_00001408_06,sd300b,roll_self,00001408,6,1000,6,6,C:\fingerprint-datasets\NIST\sd300b\images\1000\png\roll\00001408_roll_1000_06.png,C:\fingerprint-datasets\NIST\sd300b\images\1000\png\roll\00001408_roll_1000_06.png
sd300b_roll_self_00001411_07,sd300b,roll_self,00001411,7,1000,7,7,C:\fingerprint-datasets\NIST\sd300b\images\1000\png\roll\00001411_roll_1000_07.png,C:\fingerprint-datasets\NIST\sd300b\images\1000\png\roll\00001411_roll_1000_07.png
sd300b_roll_self_00001439_02,sd300b,roll_self,00001439,2,1000,2,2,C:\fingerprint-datasets\NIST\sd300b\images\1000\png\roll\00001439_roll_1000_02.png,C:\fingerprint-datasets\NIST\sd300b\images\1000\png\roll\00001439_roll_1000_02.png
sd300b_roll_self_00001439_05,sd300b,roll_self,00001439,5,1000,5,5,C:\fingerprint-datasets\NIST\sd300b\images\1000\png\roll\00001439_roll_1000_05.png,C:\fingerprint-datasets\NIST\sd300b\images\1000\png\roll\00001439_roll_1000_05.png
sd300b_roll_self_00001439_06,sd300b,roll_self,00001439,6,1000,6,6,C:\fingerprint-datasets\NIST\sd300b\images\1000\png\roll\00001439_roll_1000_06.png,C:\fingerprint-datasets\NIST\sd300b\images\1000\png\roll\00001439_roll_1000_06.png
sd300b_roll_self_00001439_10,sd300b,roll_self,00001439,10,1000,10,10,C:\fingerprint-datasets\NIST\sd300b\images\1000\png\roll\00001439_roll_1000_10.png,C:\fingerprint-datasets\NIST\sd300b\images\1000\png\roll\00001439_roll_1000_10.png
sd300b_roll_self_00001440_06,sd300b,roll_self,00001440,6,1000,6,6,C:\fingerprint-datasets\NIST\sd300b\images\1000\png\roll\00001440_roll_1000_06.png,C:\fingerprint-datasets\NIST\sd300b\images\1000\png\roll\00001440_roll_1000_06.png
sd300b_roll_self_00001440_10,sd300b,roll_self,00001440,10,1000,10,10,C:\fingerprint-datasets\NIST\sd300b\images\1000\png\roll\00001440_roll_1000_10.png,C:\fingerprint-datasets\NIST\sd300b\images\1000\png\roll\00001440_roll_1000_10.png
sd300b_roll_self_00001449_09,sd300b,roll_self,00001449,9,1000,9,9,C:\fingerprint-datasets\NIST\sd300b\images\1000\png\roll\00001449_roll_1000_09.png,C:\fingerprint-datasets\NIST\sd300b\images\1000\png\roll\00001449_roll_1000_09.png
sd300b_roll_self_00001450_07,sd300b,roll_self,00001450,7,1000,7,7,C:\fingerprint-datasets\NIST\sd300b\images\1000\png\roll\00001450_roll_1000_07.png,C:\fingerprint-datasets\NIST\sd300b\images\1000\png\roll\00001450_roll_1000_07.png
sd300b_roll_self_00001450_10,sd300b,roll_self,00001450,10,1000,10,10,C:\fingerprint-datasets\NIST\sd300b\images\1000\png\roll\00001450_roll_1000_10.png,C:\fingerprint-datasets\NIST\sd300b\images\1000\png\roll\00001450_roll_1000_10.png
sd300b_roll_self_00001455_01,sd300b,roll_self,00001455,1,1000,1,1,C:\fingerprint-datasets\NIST\sd300b\images\1000\png\roll\00001455_roll_1000_01.png,C:\fingerprint-datasets\NIST\sd300b\images\1000\png\roll\00001455_roll_1000_01.png
sd300b_roll_self_00001455_10,sd300b,roll_self,00001455,10,1000,10,10,C:\fingerprint-datasets\NIST\sd300b\images\1000\png\roll\00001455_roll_1000_10.png,C:\fingerprint-datasets\NIST\sd300b\images\1000\png\roll\00001455_roll_1000_10.png
sd300b_roll_self_00001463_08,sd300b,roll_self,00001463,8,1000,8,8,C:\fingerprint-datasets\NIST\sd300b\images\1000\png\roll\00001463_roll_1000_08.png,C:\fingerprint-datasets\NIST\sd300b\images\1000\png\roll\00001463_roll_1000_08.png
sd300b_roll_self_00001467_02,sd300b,roll_self,00001467,2,1000,2,2,C:\fingerprint-datasets\NIST\sd300b\images\1000\png\roll\00001467_roll_1000_02.png,C:\fingerprint-datasets\NIST\sd300b\images\1000\png\roll\00001467_roll_1000_02.png
sd300b_roll_self_00001474_08,sd300b,roll_self,00001474,8,1000,8,8,C:\fingerprint-datasets\NIST\sd300b\images\1000\png\roll\00001474_roll_1000_08.png,C:\fingerprint-datasets\NIST\sd300b\images\1000\png\roll\00001474_roll_1000_08.png
sd300b_roll_self_00001479_03,sd300b,roll_self,00001479,3,1000,3,3,C:\fingerprint-datasets\NIST\sd300b\images\1000\png\roll\00001479_roll_1000_03.png,C:\fingerprint-datasets\NIST\sd300b\images\1000\png\roll\00001479_roll_1000_03.png
sd300b_roll_self_00001485_10,sd300b,roll_self,00001485,10,1000,10,10,C:\fingerprint-datasets\NIST\sd300b\images\1000\png\roll\00001485_roll_1000_10.png,C:\fingerprint-datasets\NIST\sd300b\images\1000\png\roll\00001485_roll_1000_10.png
sd300b_roll_self_00001491_07,sd300b,roll_self,00001491,7,1000,7,7,C:\fingerprint-datasets\NIST\sd300b\images\1000\png\roll\00001491_roll_1000_07.png,C:\fingerprint-datasets\NIST\sd300b\images\1000\png\roll\00001491_roll_1000_07.png
sd300b_roll_self_00001509_05,sd300b,roll_self,00001509,5,1000,5,5,C:\fingerprint-datasets\NIST\sd300b\images\1000\png\roll\00001509_roll_1000_05.png,C:\fingerprint-datasets\NIST\sd300b\images\1000\png\roll\00001509_roll_1000_05.png
sd300b_roll_self_00001513_03,sd300b,roll_self,00001513,3,1000,3,3,C:\fingerprint-datasets\NIST\sd300b\images\1000\png\roll\00001513_roll_1000_03.png,C:\fingerprint-datasets\NIST\sd300b\images\1000\png\roll\00001513_roll_1000_03.png
sd300b_roll_self_00001513_07,sd300b,roll_self,00001513,7,1000,7,7,C:\fingerprint-datasets\NIST\sd300b\images\1000\png\roll\00001513_roll_1000_07.png,C:\fingerprint-datasets\NIST\sd300b\images\1000\png\roll\00001513_roll_1000_07.png
sd300b_roll_self_00001515_05,sd300b,roll_self,00001515,5,1000,5,5,C:\fingerprint-datasets\NIST\sd300b\images\1000\png\roll\00001515_roll_1000_05.png,C:\fingerprint-datasets\NIST\sd300b\images\1000\png\roll\00001515_roll_1000_05.png
sd300b_roll_self_00001518_02,sd300b,roll_self,00001518,2,1000,2,2,C:\fingerprint-datasets\NIST\sd300b\images\1000\png\roll\00001518_roll_1000_02.png,C:\fingerprint-datasets\NIST\sd300b\images\1000\png\roll\00001518_roll_1000_02.png
sd300b_roll_self_00001518_04,sd300b,roll_self,00001518,4,1000,4,4,C:\fingerprint-datasets\NIST\sd300b\images\1000\png\roll\00001518_roll_1000_04.png,C:\fingerprint-datasets\NIST\sd300b\images\1000\png\roll\00001518_roll_1000_04.png
sd300b_roll_self_00001532_07,sd300b,roll_self,00001532,7,1000,7,7,C:\fingerprint-datasets\NIST\sd300b\images\1000\png\roll\00001532_roll_1000_07.png,C:\fingerprint-datasets\NIST\sd300b\images\1000\png\roll\00001532_roll_1000_07.png
sd300b_roll_self_00001539_04,sd300b,roll_self,00001539,4,1000,4,4,C:\fingerprint-datasets\NIST\sd300b\images\1000\png\roll\00001539_roll_1000_04.png,C:\fingerprint-datasets\NIST\sd300b\images\1000\png\roll\00001539_roll_1000_04.png
sd300b_roll_self_00001539_09,sd300b,roll_self,00001539,9,1000,9,9,C:\fingerprint-datasets\NIST\sd300b\images\1000\png\roll\00001539_roll_1000_09.png,C:\fingerprint-datasets\NIST\sd300b\images\1000\png\roll\00001539_roll_1000_09.png
sd300b_roll_self_00001545_10,sd300b,roll_self,00001545,10,1000,10,10,C:\fingerprint-datasets\NIST\sd300b\images\1000\png\roll\00001545_roll_1000_10.png,C:\fingerprint-datasets\NIST\sd300b\images\1000\png\roll\00001545_roll_1000_10.png
sd300b_roll_self_00001547_10,sd300b,roll_self,00001547,10,1000,10,10,C:\fingerprint-datasets\NIST\sd300b\images\1000\png\roll\00001547_roll_1000_10.png,C:\fingerprint-datasets\NIST\sd300b\images\1000\png\roll\00001547_roll_1000_10.png
sd300b_roll_self_00001551_09,sd300b,roll_self,00001551,9,1000,9,9,C:\fingerprint-datasets\NIST\sd300b\images\1000\png\roll\00001551_roll_1000_09.png,C:\fingerprint-datasets\NIST\sd300b\images\1000\png\roll\00001551_roll_1000_09.png
sd300b_roll_self_00001556_07,sd300b,roll_self,00001556,7,1000,7,7,C:\fingerprint-datasets\NIST\sd300b\images\1000\png\roll\00001556_roll_1000_07.png,C:\fingerprint-datasets\NIST\sd300b\images\1000\png\roll\00001556_roll_1000_07.png
sd300b_roll_self_00001566_02,sd300b,roll_self,00001566,2,1000,2,2,C:\fingerprint-datasets\NIST\sd300b\images\1000\png\roll\00001566_roll_1000_02.png,C:\fingerprint-datasets\NIST\sd300b\images\1000\png\roll\00001566_roll_1000_02.png
sd300b_roll_self_00001572_01,sd300b,roll_self,00001572,1,1000,1,1,C:\fingerprint-datasets\NIST\sd300b\images\1000\png\roll\00001572_roll_1000_01.png,C:\fingerprint-datasets\NIST\sd300b\images\1000\png\roll\00001572_roll_1000_01.png
sd300b_roll_self_00001572_02,sd300b,roll_self,00001572,2,1000,2,2,C:\fingerprint-datasets\NIST\sd300b\images\1000\png\roll\00001572_roll_1000_02.png,C:\fingerprint-datasets\NIST\sd300b\images\1000\png\roll\00001572_roll_1000_02.png
sd300b_roll_self_00001572_03,sd300b,roll_self,00001572,3,1000,3,3,C:\fingerprint-datasets\NIST\sd300b\images\1000\png\roll\00001572_roll_1000_03.png,C:\fingerprint-datasets\NIST\sd300b\images\1000\png\roll\00001572_roll_1000_03.png
sd300b_roll_self_00001572_04,sd300b,roll_self,00001572,4,1000,4,4,C:\fingerprint-datasets\NIST\sd300b\images\1000\png\roll\00001572_roll_1000_04.png,C:\fingerprint-datasets\NIST\sd300b\images\1000\png\roll\00001572_roll_1000_04.png
sd300b_roll_self_00001572_05,sd300b,roll_self,00001572,5,1000,5,5,C:\fingerprint-datasets\NIST\sd300b\images\1000\png\roll\00001572_roll_1000_05.png,C:\fingerprint-datasets\NIST\sd300b\images\1000\png\roll\00001572_roll_1000_05.png
sd300b_roll_self_00001580_07,sd300b,roll_self,00001580,7,1000,7,7,C:\fingerprint-datasets\NIST\sd300b\images\1000\png\roll\00001580_roll_1000_07.png,C:\fingerprint-datasets\NIST\sd300b\images\1000\png\roll\00001580_roll_1000_07.png
sd300b_roll_self_00001586_04,sd300b,roll_self,00001586,4,1000,4,4,C:\fingerprint-datasets\NIST\sd300b\images\1000\png\roll\00001586_roll_1000_04.png,C:\fingerprint-datasets\NIST\sd300b\images\1000\png\roll\00001586_roll_1000_04.png
sd300b_roll_self_00001587_08,sd300b,roll_self,00001587,8,1000,8,8,C:\fingerprint-datasets\NIST\sd300b\images\1000\png\roll\00001587_roll_1000_08.png,C:\fingerprint-datasets\NIST\sd300b\images\1000\png\roll\00001587_roll_1000_08.png
sd300b_roll_self_00001591_02,sd300b,roll_self,00001591,2,1000,2,2,C:\fingerprint-datasets\NIST\sd300b\images\1000\png\roll\00001591_roll_1000_02.png,C:\fingerprint-datasets\NIST\sd300b\images\1000\png\roll\00001591_roll_1000_02.png
sd300b_roll_self_00001597_01,sd300b,roll_self,00001597,1,1000,1,1,C:\fingerprint-datasets\NIST\sd300b\images\1000\png\roll\00001597_roll_1000_01.png,C:\fingerprint-datasets\NIST\sd300b\images\1000\png\roll\00001597_roll_1000_01.png
sd300b_roll_self_00001600_04,sd300b,roll_self,00001600,4,1000,4,4,C:\fingerprint-datasets\NIST\sd300b\images\1000\png\roll\00001600_roll_1000_04.png,C:\fingerprint-datasets\NIST\sd300b\images\1000\png\roll\00001600_roll_1000_04.png
sd300b_roll_self_00001611_01,sd300b,roll_self,00001611,1,1000,1,1,C:\fingerprint-datasets\NIST\sd300b\images\1000\png\roll\00001611_roll_1000_01.png,C:\fingerprint-datasets\NIST\sd300b\images\1000\png\roll\00001611_roll_1000_01.png
sd300b_roll_self_00001613_04,sd300b,roll_self,00001613,4,1000,4,4,C:\fingerprint-datasets\NIST\sd300b\images\1000\png\roll\00001613_roll_1000_04.png,C:\fingerprint-datasets\NIST\sd300b\images\1000\png\roll\00001613_roll_1000_04.png
sd300b_roll_self_00001621_02,sd300b,roll_self,00001621,2,1000,2,2,C:\fingerprint-datasets\NIST\sd300b\images\1000\png\roll\00001621_roll_1000_02.png,C:\fingerprint-datasets\NIST\sd300b\images\1000\png\roll\00001621_roll_1000_02.png
sd300b_roll_self_00001622_02,sd300b,roll_self,00001622,2,1000,2,2,C:\fingerprint-datasets\NIST\sd300b\images\1000\png\roll\00001622_roll_1000_02.png,C:\fingerprint-datasets\NIST\sd300b\images\1000\png\roll\00001622_roll_1000_02.png
sd300b_roll_self_00001622_04,sd300b,roll_self,00001622,4,1000,4,4,C:\fingerprint-datasets\NIST\sd300b\images\1000\png\roll\00001622_roll_1000_04.png,C:\fingerprint-datasets\NIST\sd300b\images\1000\png\roll\00001622_roll_1000_04.png
sd300b_roll_self_00001630_06,sd300b,roll_self,00001630,6,1000,6,6,C:\fingerprint-datasets\NIST\sd300b\images\1000\png\roll\00001630_roll_1000_06.png,C:\fingerprint-datasets\NIST\sd300b\images\1000\png\roll\00001630_roll_1000_06.png
sd300b_roll_self_00001641_07,sd300b,roll_self,00001641,7,1000,7,7,C:\fingerprint-datasets\NIST\sd300b\images\1000\png\roll\00001641_roll_1000_07.png,C:\fingerprint-datasets\NIST\sd300b\images\1000\png\roll\00001641_roll_1000_07.png
sd300b_roll_self_00001645_02,sd300b,roll_self,00001645,2,1000,2,2,C:\fingerprint-datasets\NIST\sd300b\images\1000\png\roll\00001645_roll_1000_02.png,C:\fingerprint-datasets\NIST\sd300b\images\1000\png\roll\00001645_roll_1000_02.png
sd300b_roll_self_00001645_09,sd300b,roll_self,00001645,9,1000,9,9,C:\fingerprint-datasets\NIST\sd300b\images\1000\png\roll\00001645_roll_1000_09.png,C:\fingerprint-datasets\NIST\sd300b\images\1000\png\roll\00001645_roll_1000_09.png
sd300b_roll_self_00001657_03,sd300b,roll_self,00001657,3,1000,3,3,C:\fingerprint-datasets\NIST\sd300b\images\1000\png\roll\00001657_roll_1000_03.png,C:\fingerprint-datasets\NIST\sd300b\images\1000\png\roll\00001657_roll_1000_03.png
sd300b_roll_self_00001670_10,sd300b,roll_self,00001670,10,1000,10,10,C:\fingerprint-datasets\NIST\sd300b\images\1000\png\roll\00001670_roll_1000_10.png,C:\fingerprint-datasets\NIST\sd300b\images\1000\png\roll\00001670_roll_1000_10.png
sd300b_roll_self_00001684_06,sd300b,roll_self,00001684,6,1000,6,6,C:\fingerprint-datasets\NIST\sd300b\images\1000\png\roll\00001684_roll_1000_06.png,C:\fingerprint-datasets\NIST\sd300b\images\1000\png\roll\00001684_roll_1000_06.png
sd300b_roll_self_00001684_10,sd300b,roll_self,00001684,10,1000,10,10,C:\fingerprint-datasets\NIST\sd300b\images\1000\png\roll\00001684_roll_1000_10.png,C:\fingerprint-datasets\NIST\sd300b\images\1000\png\roll\00001684_roll_1000_10.png
sd300b_roll_self_00001685_08,sd300b,roll_self,00001685,8,1000,8,8,C:\fingerprint-datasets\NIST\sd300b\images\1000\png\roll\00001685_roll_1000_08.png,C:\fingerprint-datasets\NIST\sd300b\images\1000\png\roll\00001685_roll_1000_08.png
sd300b_roll_self_00001687_04,sd300b,roll_self,00001687,4,1000,4,4,C:\fingerprint-datasets\NIST\sd300b\images\1000\png\roll\00001687_roll_1000_04.png,C:\fingerprint-datasets\NIST\sd300b\images\1000\png\roll\00001687_roll_1000_04.png
sd300b_roll_self_00001692_04,sd300b,roll_self,00001692,4,1000,4,4,C:\fingerprint-datasets\NIST\sd300b\images\1000\png\roll\00001692_roll_1000_04.png,C:\fingerprint-datasets\NIST\sd300b\images\1000\png\roll\00001692_roll_1000_04.png
sd300b_roll_self_00001692_05,sd300b,roll_self,00001692,5,1000,5,5,C:\fingerprint-datasets\NIST\sd300b\images\1000\png\roll\00001692_roll_1000_05.png,C:\fingerprint-datasets\NIST\sd300b\images\1000\png\roll\00001692_roll_1000_05.png
sd300b_roll_self_00001692_06,sd300b,roll_self,00001692,6,1000,6,6,C:\fingerprint-datasets\NIST\sd300b\images\1000\png\roll\00001692_roll_1000_06.png,C:\fingerprint-datasets\NIST\sd300b\images\1000\png\roll\00001692_roll_1000_06.png
sd300b_roll_self_00001692_09,sd300b,roll_self,00001692,9,1000,9,9,C:\fingerprint-datasets\NIST\sd300b\images\1000\png\roll\00001692_roll_1000_09.png,C:\fingerprint-datasets\NIST\sd300b\images\1000\png\roll\00001692_roll_1000_09.png
sd300b_roll_self_00001692_10,sd300b,roll_self,00001692,10,1000,10,10,C:\fingerprint-datasets\NIST\sd300b\images\1000\png\roll\00001692_roll_1000_10.png,C:\fingerprint-datasets\NIST\sd300b\images\1000\png\roll\00001692_roll_1000_10.png
sd300b_roll_self_00001699_02,sd300b,roll_self,00001699,2,1000,2,2,C:\fingerprint-datasets\NIST\sd300b\images\1000\png\roll\00001699_roll_1000_02.png,C:\fingerprint-datasets\NIST\sd300b\images\1000\png\roll\00001699_roll_1000_02.png
sd300b_roll_self_00001700_07,sd300b,roll_self,00001700,7,1000,7,7,C:\fingerprint-datasets\NIST\sd300b\images\1000\png\roll\00001700_roll_1000_07.png,C:\fingerprint-datasets\NIST\sd300b\images\1000\png\roll\00001700_roll_1000_07.png
sd300b_roll_self_00001717_10,sd300b,roll_self,00001717,10,1000,10,10,C:\fingerprint-datasets\NIST\sd300b\images\1000\png\roll\00001717_roll_1000_10.png,C:\fingerprint-datasets\NIST\sd300b\images\1000\png\roll\00001717_roll_1000_10.png
sd300b_roll_self_00001718_10,sd300b,roll_self,00001718,10,1000,10,10,C:\fingerprint-datasets\NIST\sd300b\images\1000\png\roll\00001718_roll_1000_10.png,C:\fingerprint-datasets\NIST\sd300b\images\1000\png\roll\00001718_roll_1000_10.png
sd300b_roll_self_00001725_01,sd300b,roll_self,00001725,1,1000,1,1,C:\fingerprint-datasets\NIST\sd300b\images\1000\png\roll\00001725_roll_1000_01.png,C:\fingerprint-datasets\NIST\sd300b\images\1000\png\roll\00001725_roll_1000_01.png
sd300b_roll_self_00001725_04,sd300b,roll_self,00001725,4,1000,4,4,C:\fingerprint-datasets\NIST\sd300b\images\1000\png\roll\00001725_roll_1000_04.png,C:\fingerprint-datasets\NIST\sd300b\images\1000\png\roll\00001725_roll_1000_04.png
sd300b_roll_self_00001725_06,sd300b,roll_self,00001725,6,1000,6,6,C:\fingerprint-datasets\NIST\sd300b\images\1000\png\roll\00001725_roll_1000_06.png,C:\fingerprint-datasets\NIST\sd300b\images\1000\png\roll\00001725_roll_1000_06.png
sd300b_roll_self_00001725_07,sd300b,roll_self,00001725,7,1000,7,7,C:\fingerprint-datasets\NIST\sd300b\images\1000\png\roll\00001725_roll_1000_07.png,C:\fingerprint-datasets\NIST\sd300b\images\1000\png\roll\00001725_roll_1000_07.png
sd300b_roll_self_00001725_08,sd300b,roll_self,00001725,8,1000,8,8,C:\fingerprint-datasets\NIST\sd300b\images\1000\png\roll\00001725_roll_1000_08.png,C:\fingerprint-datasets\NIST\sd300b\images\1000\png\roll\00001725_roll_1000_08.png
sd300b_roll_self_00001725_09,sd300b,roll_self,00001725,9,1000,9,9,C:\fingerprint-datasets\NIST\sd300b\images\1000\png\roll\00001725_roll_1000_09.png,C:\fingerprint-datasets\NIST\sd300b\images\1000\png\roll\00001725_roll_1000_09.png
sd300b_roll_self_00001725_10,sd300b,roll_self,00001725,10,1000,10,10,C:\fingerprint-datasets\NIST\sd300b\images\1000\png\roll\00001725_roll_1000_10.png,C:\fingerprint-datasets\NIST\sd300b\images\1000\png\roll\00001725_roll_1000_10.png
sd300b_roll_self_00001726_06,sd300b,roll_self,00001726,6,1000,6,6,C:\fingerprint-datasets\NIST\sd300b\images\1000\png\roll\00001726_roll_1000_06.png,C:\fingerprint-datasets\NIST\sd300b\images\1000\png\roll\00001726_roll_1000_06.png
sd300b_roll_self_00001730_01,sd300b,roll_self,00001730,1,1000,1,1,C:\fingerprint-datasets\NIST\sd300b\images\1000\png\roll\00001730_roll_1000_01.png,C:\fingerprint-datasets\NIST\sd300b\images\1000\png\roll\00001730_roll_1000_01.png
sd300b_roll_self_00001738_01,sd300b,roll_self,00001738,1,1000,1,1,C:\fingerprint-datasets\NIST\sd300b\images\1000\png\roll\00001738_roll_1000_01.png,C:\fingerprint-datasets\NIST\sd300b\images\1000\png\roll\00001738_roll_1000_01.png
sd300b_roll_self_00001738_02,sd300b,roll_self,00001738,2,1000,2,2,C:\fingerprint-datasets\NIST\sd300b\images\1000\png\roll\00001738_roll_1000_02.png,C:\fingerprint-datasets\NIST\sd300b\images\1000\png\roll\00001738_roll_1000_02.png
sd300b_roll_self_00001738_03,sd300b,roll_self,00001738,3,1000,3,3,C:\fingerprint-datasets\NIST\sd300b\images\1000\png\roll\00001738_roll_1000_03.png,C:\fingerprint-datasets\NIST\sd300b\images\1000\png\roll\00001738_roll_1000_03.png
sd300b_roll_self_00001738_04,sd300b,roll_self,00001738,4,1000,4,4,C:\fingerprint-datasets\NIST\sd300b\images\1000\png\roll\00001738_roll_1000_04.png,C:\fingerprint-datasets\NIST\sd300b\images\1000\png\roll\00001738_roll_1000_04.png
sd300b_roll_self_00001738_05,sd300b,roll_self,00001738,5,1000,5,5,C:\fingerprint-datasets\NIST\sd300b\images\1000\png\roll\00001738_roll_1000_05.png,C:\fingerprint-datasets\NIST\sd300b\images\1000\png\roll\00001738_roll_1000_05.png
sd300b_roll_self_00001738_06,sd300b,roll_self,00001738,6,1000,6,6,C:\fingerprint-datasets\NIST\sd300b\images\1000\png\roll\00001738_roll_1000_06.png,C:\fingerprint-datasets\NIST\sd300b\images\1000\png\roll\00001738_roll_1000_06.png
sd300b_roll_self_00001738_07,sd300b,roll_self,00001738,7,1000,7,7,C:\fingerprint-datasets\NIST\sd300b\images\1000\png\roll\00001738_roll_1000_07.png,C:\fingerprint-datasets\NIST\sd300b\images\1000\png\roll\00001738_roll_1000_07.png
sd300b_roll_self_00001738_08,sd300b,roll_self,00001738,8,1000,8,8,C:\fingerprint-datasets\NIST\sd300b\images\1000\png\roll\00001738_roll_1000_08.png,C:\fingerprint-datasets\NIST\sd300b\images\1000\png\roll\00001738_roll_1000_08.png
sd300b_roll_self_00001738_09,sd300b,roll_self,00001738,9,1000,9,9,C:\fingerprint-datasets\NIST\sd300b\images\1000\png\roll\00001738_roll_1000_09.png,C:\fingerprint-datasets\NIST\sd300b\images\1000\png\roll\00001738_roll_1000_09.png
sd300b_roll_self_00001738_10,sd300b,roll_self,00001738,10,1000,10,10,C:\fingerprint-datasets\NIST\sd300b\images\1000\png\roll\00001738_roll_1000_10.png,C:\fingerprint-datasets\NIST\sd300b\images\1000\png\roll\00001738_roll_1000_10.png
sd300b_roll_self_00001742_04,sd300b,roll_self,00001742,4,1000,4,4,C:\fingerprint-datasets\NIST\sd300b\images\1000\png\roll\00001742_roll_1000_04.png,C:\fingerprint-datasets\NIST\sd300b\images\1000\png\roll\00001742_roll_1000_04.png
sd300b_roll_self_00001743_09,sd300b,roll_self,00001743,9,1000,9,9,C:\fingerprint-datasets\NIST\sd300b\images\1000\png\roll\00001743_roll_1000_09.png,C:\fingerprint-datasets\NIST\sd300b\images\1000\png\roll\00001743_roll_1000_09.png
sd300b_roll_self_00001743_10,sd300b,roll_self,00001743,10,1000,10,10,C:\fingerprint-datasets\NIST\sd300b\images\1000\png\roll\00001743_roll_1000_10.png,C:\fingerprint-datasets\NIST\sd300b\images\1000\png\roll\00001743_roll_1000_10.png
sd300b_roll_self_00001753_02,sd300b,roll_self,00001753,2,1000,2,2,C:\fingerprint-datasets\NIST\sd300b\images\1000\png\roll\00001753_roll_1000_02.png,C:\fingerprint-datasets\NIST\sd300b\images\1000\png\roll\00001753_roll_1000_02.png
sd300b_roll_self_00001756_05,sd300b,roll_self,00001756,5,1000,5,5,C:\fingerprint-datasets\NIST\sd300b\images\1000\png\roll\00001756_roll_1000_05.png,C:\fingerprint-datasets\NIST\sd300b\images\1000\png\roll\00001756_roll_1000_05.png
sd300b_roll_self_00001757_04,sd300b,roll_self,00001757,4,1000,4,4,C:\fingerprint-datasets\NIST\sd300b\images\1000\png\roll\00001757_roll_1000_04.png,C:\fingerprint-datasets\NIST\sd300b\images\1000\png\roll\00001757_roll_1000_04.png
sd300b_roll_self_00001763_08,sd300b,roll_self,00001763,8,1000,8,8,C:\fingerprint-datasets\NIST\sd300b\images\1000\png\roll\00001763_roll_1000_08.png,C:\fingerprint-datasets\NIST\sd300b\images\1000\png\roll\00001763_roll_1000_08.png
sd300b_roll_self_00001763_09,sd300b,roll_self,00001763,9,1000,9,9,C:\fingerprint-datasets\NIST\sd300b\images\1000\png\roll\00001763_roll_1000_09.png,C:\fingerprint-datasets\NIST\sd300b\images\1000\png\roll\00001763_roll_1000_09.png
sd300b_roll_self_00001772_01,sd300b,roll_self,00001772,1,1000,1,1,C:\fingerprint-datasets\NIST\sd300b\images\1000\png\roll\00001772_roll_1000_01.png,C:\fingerprint-datasets\NIST\sd300b\images\1000\png\roll\00001772_roll_1000_01.png
sd300b_roll_self_00001777_04,sd300b,roll_self,00001777,4,1000,4,4,C:\fingerprint-datasets\NIST\sd300b\images\1000\png\roll\00001777_roll_1000_04.png,C:\fingerprint-datasets\NIST\sd300b\images\1000\png\roll\00001777_roll_1000_04.png
sd300b_roll_self_00001780_10,sd300b,roll_self,00001780,10,1000,10,10,C:\fingerprint-datasets\NIST\sd300b\images\1000\png\roll\00001780_roll_1000_10.png,C:\fingerprint-datasets\NIST\sd300b\images\1000\png\roll\00001780_roll_1000_10.png
sd300b_roll_self_00001785_03,sd300b,roll_self,00001785,3,1000,3,3,C:\fingerprint-datasets\NIST\sd300b\images\1000\png\roll\00001785_roll_1000_03.png,C:\fingerprint-datasets\NIST\sd300b\images\1000\png\roll\00001785_roll_1000_03.png
sd300b_roll_self_00001804_04,sd300b,roll_self,00001804,4,1000,4,4,C:\fingerprint-datasets\NIST\sd300b\images\1000\png\roll\00001804_roll_1000_04.png,C:\fingerprint-datasets\NIST\sd300b\images\1000\png\roll\00001804_roll_1000_04.png
sd300b_roll_self_00001805_04,sd300b,roll_self,00001805,4,1000,4,4,C:\fingerprint-datasets\NIST\sd300b\images\1000\png\roll\00001805_roll_1000_04.png,C:\fingerprint-datasets\NIST\sd300b\images\1000\png\roll\00001805_roll_1000_04.png
sd300b_roll_self_00001805_05,sd300b,roll_self,00001805,5,1000,5,5,C:\fingerprint-datasets\NIST\sd300b\images\1000\png\roll\00001805_roll_1000_05.png,C:\fingerprint-datasets\NIST\sd300b\images\1000\png\roll\00001805_roll_1000_05.png
sd300b_roll_self_00001805_10,sd300b,roll_self,00001805,10,1000,10,10,C:\fingerprint-datasets\NIST\sd300b\images\1000\png\roll\00001805_roll_1000_10.png,C:\fingerprint-datasets\NIST\sd300b\images\1000\png\roll\00001805_roll_1000_10.png
sd300b_roll_self_00001811_09,sd300b,roll_self,00001811,9,1000,9,9,C:\fingerprint-datasets\NIST\sd300b\images\1000\png\roll\00001811_roll_1000_09.png,C:\fingerprint-datasets\NIST\sd300b\images\1000\png\roll\00001811_roll_1000_09.png
sd300b_roll_self_00001821_04,sd300b,roll_self,00001821,4,1000,4,4,C:\fingerprint-datasets\NIST\sd300b\images\1000\png\roll\00001821_roll_1000_04.png,C:\fingerprint-datasets\NIST\sd300b\images\1000\png\roll\00001821_roll_1000_04.png
sd300b_roll_self_00001824_08,sd300b,roll_self,00001824,8,1000,8,8,C:\fingerprint-datasets\NIST\sd300b\images\1000\png\roll\00001824_roll_1000_08.png,C:\fingerprint-datasets\NIST\sd300b\images\1000\png\roll\00001824_roll_1000_08.png
sd300b_roll_self_00001838_04,sd300b,roll_self,00001838,4,1000,4,4,C:\fingerprint-datasets\NIST\sd300b\images\1000\png\roll\00001838_roll_1000_04.png,C:\fingerprint-datasets\NIST\sd300b\images\1000\png\roll\00001838_roll_1000_04.png
sd300b_roll_self_00001838_07,sd300b,roll_self,00001838,7,1000,7,7,C:\fingerprint-datasets\NIST\sd300b\images\1000\png\roll\00001838_roll_1000_07.png,C:\fingerprint-datasets\NIST\sd300b\images\1000\png\roll\00001838_roll_1000_07.png
sd300b_roll_self_00001841_09,sd300b,roll_self,00001841,9,1000,9,9,C:\fingerprint-datasets\NIST\sd300b\images\1000\png\roll\00001841_roll_1000_09.png,C:\fingerprint-datasets\NIST\sd300b\images\1000\png\roll\00001841_roll_1000_09.png
sd300b_roll_self_00001848_10,sd300b,roll_self,00001848,10,1000,10,10,C:\fingerprint-datasets\NIST\sd300b\images\1000\png\roll\00001848_roll_1000_10.png,C:\fingerprint-datasets\NIST\sd300b\images\1000\png\roll\00001848_roll_1000_10.png
sd300b_roll_self_00001871_03,sd300b,roll_self,00001871,3,1000,3,3,C:\fingerprint-datasets\NIST\sd300b\images\1000\png\roll\00001871_roll_1000_03.png,C:\fingerprint-datasets\NIST\sd300b\images\1000\png\roll\00001871_roll_1000_03.png
sd300b_roll_self_00001872_03,sd300b,roll_self,00001872,3,1000,3,3,C:\fingerprint-datasets\NIST\sd300b\images\1000\png\roll\00001872_roll_1000_03.png,C:\fingerprint-datasets\NIST\sd300b\images\1000\png\roll\00001872_roll_1000_03.png
sd300b_roll_self_00001879_02,sd300b,roll_self,00001879,2,1000,2,2,C:\fingerprint-datasets\NIST\sd300b\images\1000\png\roll\00001879_roll_1000_02.png,C:\fingerprint-datasets\NIST\sd300b\images\1000\png\roll\00001879_roll_1000_02.png
sd300b_roll_self_00001885_08,sd300b,roll_self,00001885,8,1000,8,8,C:\fingerprint-datasets\NIST\sd300b\images\1000\png\roll\00001885_roll_1000_08.png,C:\fingerprint-datasets\NIST\sd300b\images\1000\png\roll\00001885_roll_1000_08.png
sd300b_roll_self_00001886_06,sd300b,roll_self,00001886,6,1000,6,6,C:\fingerprint-datasets\NIST\sd300b\images\1000\png\roll\00001886_roll_1000_06.png,C:\fingerprint-datasets\NIST\sd300b\images\1000\png\roll\00001886_roll_1000_06.png
sd300b_roll_self_00001887_08,sd300b,roll_self,00001887,8,1000,8,8,C:\fingerprint-datasets\NIST\sd300b\images\1000\png\roll\00001887_roll_1000_08.png,C:\fingerprint-datasets\NIST\sd300b\images\1000\png\roll\00001887_roll_1000_08.png
